co_code,company_name,date,months,total_income,net_sales,raw_material_cost,employee_cost,power_fuel_cost,depreciation,EBITDA,PAT,inventories,trade_receivables,trade_payables,rm_pct_of_sales,power_pct_of_sales,EBITDA_margin_pct,PAT_margin_pct
33769,BHARAT HEAVY ELECTRICALS LTD.,1997-06-30,3,298.4074,286.3858,,,,7.5721,15.242,2.9747,,,,0.0000,0.0000,5.1078,1.0387
33769,BHARAT HEAVY ELECTRICALS LTD.,1997-09-30,3,373.5134,351.6202,,,,8.5853,59.7728,29.3273,,,,0.0000,0.0000,16.0029,8.3406
33769,BHARAT HEAVY ELECTRICALS LTD.,1997-12-31,3,392.392,387.6389,,,,4.9961,59.155,32.302,,,,0.0000,0.0000,15.0755,8.3330
33769,BHARAT HEAVY ELECTRICALS LTD.,1998-03-31,3,732.1974,692.7103,,,,11.6506,177.707,116.6153,,,,0.0000,0.0000,24.2704,16.8346
33769,BHARAT HEAVY ELECTRICALS LTD.,1998-06-30,3,255.4596,236.9832,,,,8.3859,15.2472,3.4829,,,,0.0000,0.0000,5.9686,1.4697
33769,BHARAT HEAVY ELECTRICALS LTD.,1998-09-30,3,352.4897,332.6975,,,,8.2462,53.6001,27.7044,,,,0.0000,0.0000,15.2061,8.3272
33769,BHARAT HEAVY ELECTRICALS LTD.,1998-12-31,3,386.3301,361.4507,,,,9.2152,61.3573,35.0983,,,,0.0000,0.0000,15.8821,9.7104
33769,BHARAT HEAVY ELECTRICALS LTD.,1999-03-31,3,746.6724,711.3274,,,,8.5683,134.9152,68.9983,,,,0.0000,0.0000,18.0689,9.6999
33769,BHARAT HEAVY ELECTRICALS LTD.,1999-06-30,3,294.1468,284.5426,,,,9.0316,16.1113,3.767,,,,0.0000,0.0000,5.4773,1.3239
33769,BHARAT HEAVY ELECTRICALS LTD.,1999-09-30,3,319.1873,309.3054,152.5589,66.0955,,9.0596,52.0352,29.3908,,,,49.3231,0.0000,16.3024,9.5022
33769,BHARAT HEAVY ELECTRICALS LTD.,1999-12-31,3,362.1083,349.5061,163.4812,76.3904,,8.6514,46.888,29.5968,,,,46.7749,0.0000,12.9486,6.6916
33769,BHARAT HEAVY ELECTRICALS LTD.,2000-03-31,3,596.2798,576.5429,288.9425,85.153,,8.5986,124.0393,85.9697,,,,50.1164,0.0000,20.8022,14.0681
33769,BHARAT HEAVY ELECTRICALS LTD.,2000-06-30,3,197.2008,191.128,107.3505,67.8638,,8.655,9.7715,5.7237,,,,56.1668,0.0000,4.9551,0.2365
33769,BHARAT HEAVY ELECTRICALS LTD.,2000-09-30,3,258.0335,248.8592,139.9943,69.1625,,8.4683,12.2491,8.2503,,,,56.2544,0.0000,4.7471,1.0420
33769,BHARAT HEAVY ELECTRICALS LTD.,2000-12-31,3,276.6559,268.5383,142.8584,117.7271,,8.986,-31.4029,-26.9879,,,,53.1985,0.0000,-11.3509,-15.7683
33769,BHARAT HEAVY ELECTRICALS LTD.,2001-03-31,3,607.3937,586.9607,299.6858,107.5793,,8.1016,119.4904,107.9354,,,,51.0572,0.0000,19.6726,17.9076
33769,BHARAT HEAVY ELECTRICALS LTD.,2001-06-30,3,195.9897,188.9308,97.3503,71.7697,,8.8885,-13.4881,-19.0322,,,,51.5269,0.0000,-6.882,-14.0959
33769,BHARAT HEAVY ELECTRICALS LTD.,2001-09-30,3,314.2824,302.1975,168.5199,77.4965,,8.6198,43.2355,38.0892,,,,55.7648,0.0000,13.7569,10.1705
33769,BHARAT HEAVY ELECTRICALS LTD.,2001-12-31,3,316.4186,304.948,174.9446,73.4184,,9.7845,40.749,11.2598,,,,57.3687,0.0000,12.8782,5.4845
33769,BHARAT HEAVY ELECTRICALS LTD.,2002-03-31,3,649.7433,634.0784,285.0179,79.2357,,8.0961,128.5531,75.204,,,,44.9499,0.0000,19.7852,11.8604
33769,BHARAT HEAVY ELECTRICALS LTD.,2002-06-30,3,185.1021,179.0918,93.5844,69.2228,,8.855,1.2764,-3.3737,,,,52.2550,0.0000,0.6896,-5.5773
33769,BHARAT HEAVY ELECTRICALS LTD.,2002-09-30,3,280.3355,266.1204,142.9288,74.9026,,9.6776,40.1618,27.817,,,,53.7083,0.0000,14.3263,8.4196
33769,BHARAT HEAVY ELECTRICALS LTD.,2002-12-31,3,355.3781,345.6024,164.4828,80.0145,,9.597,37.5301,22.5114,,,,47.5931,0.0000,10.5606,4.8884
33769,BHARAT HEAVY ELECTRICALS LTD.,2003-03-31,3,695.5297,662.7303,307.5958,87.6659,,10.2663,144.9442,71.8392,,,,46.4134,0.0000,20.8394,9.6142
33769,BHARAT HEAVY ELECTRICALS LTD.,2003-06-30,3,236.372,222.334,106.3435,78.2633,,10.544,10.5847,0.5716,,,,47.8305,0.0000,4.478,-1.0640
33769,BHARAT HEAVY ELECTRICALS LTD.,2003-09-30,3,350.1685,331.7456,185.2782,96.5486,,10.2791,46.9809,35.4653,,,,55.8495,0.0000,13.4167,6.6427
33769,BHARAT HEAVY ELECTRICALS LTD.,2003-12-31,3,412.828,393.1662,217.8834,83.9005,,11.2303,60.5845,46.5904,,,,55.4176,0.0000,14.6755,7.4182
33769,BHARAT HEAVY ELECTRICALS LTD.,2004-03-31,3,833.9479,791.5219,370.5537,99.6917,,11.2008,163.2996,112.0165,,,,46.8153,0.0000,19.5815,12.2141
33769,BHARAT HEAVY ELECTRICALS LTD.,2004-06-30,3,274.4404,257.1717,132.8041,82.5711,,11.1851,22.067,9.0935,,,,51.6403,0.0000,8.0407,2.0051
33769,BHARAT HEAVY ELECTRICALS LTD.,2004-09-30,3,395.4198,375.1348,260.0107,88.3572,,11.2,68.5082,34.3441,,,,69.3113,0.0000,17.3254,9.1511
33769,BHARAT HEAVY ELECTRICALS LTD.,2004-12-31,3,542.6213,519.918,289.2993,93.5235,,12.376,102.9709,53.9786,,,,55.6433,0.0000,18.9766,10.3821
33769,BHARAT HEAVY ELECTRICALS LTD.,2005-03-31,3,1034.3191,985.2758,566.8208,104.3877,,14.168,231.8128,122.2889,,,,57.5291,0.0000,22.4121,12.4116
33769,BHARAT HEAVY ELECTRICALS LTD.,2005-06-30,3,465.6689,444.3157,261.7337,94.3906,,13.2176,60.7123,29.3375,,,,58.9072,0.0000,13.0377,6.6028
33769,BHARAT HEAVY ELECTRICALS LTD.,2005-09-30,3,595.6645,571.6052,383.3844,106.1264,,14.202,108.0642,59.2397,,,,67.0715,0.0000,18.1418,10.3637
33769,BHARAT HEAVY ELECTRICALS LTD.,2005-12-31,3,754.828,728.8145,423.4437,99.1839,,13.5764,158.0966,92.7123,,,,58.1003,0.0000,20.9447,12.7210
33769,BHARAT HEAVY ELECTRICALS LTD.,2006-03-31,3,1288.6612,1240.7159,674.3664,123.2906,,14.3834,316.576,195.1243,,,,54.3530,0.0000,24.5663,15.7268
33769,BHARAT HEAVY ELECTRICALS LTD.,2006-06-30,3,603.5023,577.4272,336.6351,102.2375,,13.8659,95.1613,51.388,,,,58.2991,0.0000,15.7682,8.8995
33769,BHARAT HEAVY ELECTRICALS LTD.,2006-09-30,3,760.608,723.7723,465.7206,122.7228,,14.4555,135.7755,78.0577,,,,64.3463,0.0000,17.8509,10.7848
33769,BHARAT HEAVY ELECTRICALS LTD.,2006-12-31,3,1013.8256,972.2726,579.0342,114.3779,,14.8338,249.7328,149.5816,,,,59.5547,0.0000,24.6327,15.3847
33769,BHARAT HEAVY ELECTRICALS LTD.,2007-03-31,3,1636.7105,1571.7436,815.6932,205.2651,,17.315,422.2371,264.5444,,,,51.8973,0.0000,25.7979,16.6246
33769,BHARAT HEAVY ELECTRICALS LTD.,2007-06-30,3,843.7772,793.1737,466.1985,148.1216,,16.9013,126.8006,70.8601,,,,58.7763,0.0000,15.0277,8.9337
33769,BHARAT HEAVY ELECTRICALS LTD.,2007-09-30,3,1107.1517,982.9846,630.5007,156.0684,,17.2137,288.8225,178.1458,,,,64.1415,0.0000,26.087,17.3417
33769,BHARAT HEAVY ELECTRICALS LTD.,2007-12-31,3,1325.8114,1282.7206,722.8575,189.2394,,19.3078,320.0887,195.715,,,,56.3535,0.0000,24.1429,15.2578
33769,BHARAT HEAVY ELECTRICALS LTD.,2008-03-31,3,1894.4587,1845.6539,1039.3095,288.9384,,20.4947,447.6877,270.5028,,,,56.3112,0.0000,23.6314,14.9141
33769,BHARAT HEAVY ELECTRICALS LTD.,2008-06-30,3,1079.1639,1031.0696,588.0149,209.0845,,16.95,155.4064,89.7735,,,,57.0296,0.0000,14.4006,8.7068
33769,BHARAT HEAVY ELECTRICALS LTD.,2008-09-30,3,1239.9789,1194.9565,794.7502,195.2901,,16.3199,223.4066,135.144,,,,66.5087,0.0000,18.017,11.3095
33769,BHARAT HEAVY ELECTRICALS LTD.,2008-12-31,3,1301.0491,1264.1036,834.3917,189.1785,,17.783,270.9578,164.3789,,,,66.0066,0.0000,20.8261,12.8571
33769,BHARAT HEAVY ELECTRICALS LTD.,2009-03-31,3,2173.1529,2117.8433,1351.25,274.7269,,19.6812,446.9156,246.1957,,,,63.8031,0.0000,20.5653,12.4190
33769,BHARAT HEAVY ELECTRICALS LTD.,2009-06-30,3,1238.3073,1187.1452,748.3799,233.1162,,20.1157,175.0716,94.8767,,,,63.0403,0.0000,14.138,8.2976
33769,BHARAT HEAVY ELECTRICALS LTD.,2009-09-30,3,1429.2273,1388.8672,819.9856,220.6821,,19.2841,294.6681,177.1056,1920.9623,3524.2357,,59.0399,0.0000,20.6173,12.7518
33769,BHARAT HEAVY ELECTRICALS LTD.,2009-12-31,3,1591.7885,1550.3367,963.9309,263.1203,,22.2625,368.4388,237.9455,,,,62.1756,0.0000,23.1462,14.8369
33769,BHARAT HEAVY ELECTRICALS LTD.,2010-03-31,3,3123.5329,3064.893,1769.7569,403.0375,,36.1972,690.0545,406.7783,2029.8607,4547.1779,,57.7429,0.0000,22.0921,13.6940
33769,BHARAT HEAVY ELECTRICALS LTD.,2010-06-30,3,1452.714,1417.6121,844.9806,287.2897,,27.2504,242.3456,143.3818,,,,59.6059,0.0000,16.6823,10.1143
33769,BHARAT HEAVY ELECTRICALS LTD.,2010-09-30,3,1881.6156,1845.5848,1164.4792,274.7711,,29.1489,390.858,247.4742,2327.5847,4804.659,,63.0954,0.0000,20.7725,13.4534
33769,BHARAT HEAVY ELECTRICALS LTD.,2010-12-31,3,2031.9847,1998.1178,1126.1717,298.6463,,32.0401,492.6227,310.7303,,,,56.3616,0.0000,24.2434,15.5511
33769,BHARAT HEAVY ELECTRICALS LTD.,2011-03-31,3,4149.1748,4050.2006,1843.3612,321.455,,30.7716,1007.8974,604.6655,2412.1295,4468.4871,1799.4021,45.5128,0.0000,24.2915,15.3556
33769,BHARAT HEAVY ELECTRICALS LTD.,2011-06-30,3,1685.6559,1609.0681,1021.2656,290.0552,,38.1055,303.64,181.8232,,,,63.4694,0.0000,18.0132,11.2999
33769,BHARAT HEAVY ELECTRICALS LTD.,2011-09-30,3,2265.552,2198.9189,1378.2592,283.2037,,39.6339,457.4157,296.4052,2762.1735,6416.9296,,62.6789,0.0000,20.19,13.4796
33769,BHARAT HEAVY ELECTRICALS LTD.,2011-12-31,3,2069.3007,2023.8838,1231.9225,253.9854,,35.3424,432.2335,272.0097,,,,60.8692,0.0000,20.8879,13.4400
33769,BHARAT HEAVY ELECTRICALS LTD.,2012-03-31,3,3977.2152,3900.2643,2107.432,293.6351,,50.5018,1064.7139,667.2853,2692.3534,5237.5514,2037.7998,54.0331,0.0000,26.7703,17.2199
33769,BHARAT HEAVY ELECTRICALS LTD.,2012-06-30,3,1571.5295,1506.1592,961.0869,248.9755,,40.7621,279.9322,164.3584,,,,63.8104,0.0000,17.8127,10.9124
33769,BHARAT HEAVY ELECTRICALS LTD.,2012-09-30,3,1958.0741,1934.1444,1209.4704,271.2844,,39.613,371.781,233.391,2577.8177,4810.6831,1494.9419,62.5326,0.0000,18.9871,12.0669
33769,BHARAT HEAVY ELECTRICALS LTD.,2012-12-31,3,1930.8844,1870.0635,1022.4945,263.0076,,40.2185,359.8309,216.262,,,,54.6770,0.0000,18.6355,11.5644
33769,BHARAT HEAVY ELECTRICALS LTD.,2013-03-31,3,3586.7157,3529.9444,1776.0393,264.5182,,53.1025,911.709,592.1418,2162.3,5373.5723,1778.3884,50.3135,0.0000,25.419,16.8583
33769,BHARAT HEAVY ELECTRICALS LTD.,2013-06-30,3,1198.1259,1105.9144,596.2888,252.5764,,39.5231,158.7535,79.7021,,,,53.9182,0.0000,13.2502,7.2069
33769,BHARAT HEAVY ELECTRICALS LTD.,2013-09-30,3,1487.3628,1409.2634,871.9901,252.9893,,37.4388,142.7137,71.5192,1834.7333,4668.149,1322.2278,61.8756,0.0000,9.5951,5.0749
33769,BHARAT HEAVY ELECTRICALS LTD.,2013-12-31,3,1441.7036,1394.7356,797.8624,246.413,,39.0258,206.2209,112.2285,,,,57.2053,0.0000,14.304,8.0466
33769,BHARAT HEAVY ELECTRICALS LTD.,2014-03-31,3,2516.0963,2463.6165,1226.0498,216.4126,,44.5521,499.487,297.1875,1605.7872,4600.8982,1429.0196,49.7663,0.0000,19.8517,12.2715
33769,BHARAT HEAVY ELECTRICALS LTD.,2014-06-30,3,921.2616,863.0353,535.7982,264.0301,,45.6281,94.7101,32.3954,,,,62.0830,0.0000,10.2805,3.7537
34162,BHARTI AIRTEL LTD.,2001-06-30,3,1.6254,1.2765,,0.8723,,0.183,-0.0957,-0.283,,,,0.0000,0.0000,-5.8901,-22.1667
34162,BHARTI AIRTEL LTD.,2001-09-30,3,11.1027,,,1.0095,,3.2846,5.7549,4.2102,,,,0,0,51.8336,ER
34162,BHARTI AIRTEL LTD.,2001-12-31,3,0.5092,,,0.8013,0.0,0.1795,-1.4669,-1.8613,,,,0,ER,-288.1148,ER
34162,BHARTI AIRTEL LTD.,2002-03-31,3,0.2688,,,1.2618,,0.1764,-2.2384,-2.4149,,,,0,0,-832.8244,ER
34162,BHARTI AIRTEL LTD.,2002-06-30,3,0.2165,,,0.8148,,0.1756,-1.3805,-1.3193,,,,0,0,-637.7358,ER
34162,BHARTI AIRTEL LTD.,2002-09-30,3,2.5618,,,1.09,,0.1672,0.2229,0.0557,,,,0,0,8.7027,ER
34162,BHARTI AIRTEL LTD.,2002-12-31,3,3.7619,,,1.4915,,0.187,1.5413,1.5767,,,,0,0,40.9718,ER
34162,BHARTI AIRTEL LTD.,2003-03-31,3,2.1221,,,0.7011,,0.2162,0.4492,0.3841,,,,0,0,21.1672,ER
34162,BHARTI AIRTEL LTD.,2003-06-30,3,2.3786,,,1.6142,,0.2098,0.2291,0.1156,,,,0,0,9.631,ER
34162,BHARTI AIRTEL LTD.,2003-09-30,3,2.1723,,,1.3479,,0.2116,0.2465,0.1352,,,,0,0,11.3454,ER
34162,BHARTI AIRTEL LTD.,2003-12-31,3,2.0816,,,1.0748,,0.2128,0.2369,0.1272,,,,0,0,11.3804,ER
34162,BHARTI AIRTEL LTD.,2004-03-31,3,2.5392,,,1.6084,,0.211,0.2288,0.0089,,,,0,0,9.0114,ER
34162,BHARTI AIRTEL LTD.,2004-06-30,3,2.0718,,,1.461,,0.2109,-0.4262,-5.6464,,,,0,0,-20.5726,ER
34162,BHARTI AIRTEL LTD.,2004-09-30,3,3.3732,,,1.6964,,0.2278,0.4772,0.2495,,,,0,0,14.1479,ER
34162,BHARTI AIRTEL LTD.,2004-12-31,3,9.843,0.0,,1.6553,,0.2296,6.2028,5.9504,,,,ER,ER,63.0169,ER
34162,BHARTI AIRTEL LTD.,2005-03-31,3,1810.7942,1808.8876,,111.3664,,232.623,649.453,276.8505,,,,0.0000,0.0000,35.8656,15.3050
34162,BHARTI AIRTEL LTD.,2005-06-30,3,556.1684,553.6905,,37.8379,,70.0984,204.2794,105.9333,,,,0.0000,0.0000,36.7298,19.1322
34162,BHARTI AIRTEL LTD.,2005-09-30,3,601.1499,597.9393,,44.6529,,77.028,219.4505,113.9503,,,,0.0000,0.0000,36.5051,19.0572
34162,BHARTI AIRTEL LTD.,2005-12-31,3,643.2244,639.511,,42.1772,,80.1043,232.4457,118.0138,,,,0.0000,0.0000,36.1376,18.4538
34162,BHARTI AIRTEL LTD.,2006-03-31,3,739.7189,735.2114,,52.745,,95.0724,231.2424,114.9321,,,,0.0000,0.0000,31.2608,15.6325
34162,BHARTI AIRTEL LTD.,2006-06-30,3,804.3144,799.5723,,51.1557,,97.9796,310.6621,176.0116,,,,0.0000,0.0000,38.6245,22.1150
34162,BHARTI AIRTEL LTD.,2006-09-30,3,913.9112,906.509,,57.553,,117.3869,358.5287,192.1641,,,,0.0000,0.0000,39.2301,21.2478
34162,BHARTI AIRTEL LTD.,2006-12-31,3,1058.3024,1055.7573,,76.0264,,153.8429,438.1924,233.8303,,,,0.0000,0.0000,41.4052,22.1481
34162,BHARTI AIRTEL LTD.,2007-03-31,3,1192.6656,1185.388,,70.0957,,153.0886,494.2908,292.2942,,,,0.0000,0.0000,41.4442,24.6581
34162,BHARTI AIRTEL LTD.,2007-06-30,3,1459.6254,1376.345,,82.2233,,184.1759,652.025,346.5426,,,,0.0000,0.0000,44.6707,25.1785
34162,BHARTI AIRTEL LTD.,2007-09-30,3,1517.9499,1502.2038,,86.7005,,208.6539,652.8409,401.3758,,,,0.0000,0.0000,43.0081,26.7191
34162,BHARTI AIRTEL LTD.,2007-12-31,3,1694.3636,1678.0603,,89.0238,,234.5487,720.5046,360.0,,,,0.0000,0.0000,42.5236,21.4533
34162,BHARTI AIRTEL LTD.,2008-03-31,3,1845.25,1837.0506,,81.9046,,189.0492,710.623,444.1146,,,,0.0000,0.0000,38.5109,24.1754
34162,BHARTI AIRTEL LTD.,2008-06-30,3,1870.8057,1843.2999,,83.489,,169.3368,722.9379,477.9986,,,,0.0000,0.0000,38.6431,25.9317
34162,BHARTI AIRTEL LTD.,2008-09-30,3,1822.2281,1815.9885,,79.1392,,167.7794,691.5679,352.2035,,,,0.0000,0.0000,37.9518,19.3946
34162,BHARTI AIRTEL LTD.,2008-12-31,3,1819.4705,1815.33,,78.5413,,167.4236,693.6427,414.7227,,,,0.0000,0.0000,38.1233,22.8456
34162,BHARTI AIRTEL LTD.,2009-03-31,3,1766.4215,1760.0094,,77.7274,,176.1276,696.7555,405.0215,,,,0.0000,0.0000,39.4445,23.0125
34162,BHARTI AIRTEL LTD.,2009-06-30,3,1985.6992,1892.3631,,85.654,,199.4826,844.1482,562.5492,,,,0.0000,0.0000,42.5114,29.7273
34162,BHARTI AIRTEL LTD.,2009-09-30,3,1842.9609,1837.7172,,81.0918,,194.8847,735.1736,474.185,11.0242,443.0943,,0.0000,0.0000,39.8909,25.8029
34162,BHARTI AIRTEL LTD.,2009-12-31,3,1929.5089,1877.6539,,74.9303,,212.3526,760.6477,495.8396,,,,0.0000,0.0000,39.4218,26.4074
34162,BHARTI AIRTEL LTD.,2010-03-31,3,2027.3858,1958.7454,,83.3004,,214.7567,769.88,468.0865,5.9783,462.6577,,0.0000,0.0000,37.974,23.8973
34162,BHARTI AIRTEL LTD.,2010-06-30,3,2013.0572,2002.3194,,75.8947,,217.7625,708.9091,414.6721,,,,0.0000,0.0000,35.2155,20.7096
34162,BHARTI AIRTEL LTD.,2010-09-30,3,2043.0734,2021.4889,,83.8818,,218.2145,739.4816,456.5353,6.5645,495.5527,,0.0000,0.0000,36.1946,22.5841
34162,BHARTI AIRTEL LTD.,2010-12-31,3,2121.0786,2117.7791,,79.6739,,235.4343,702.2505,409.1756,,,,0.0000,0.0000,33.1082,19.3210
34162,BHARTI AIRTEL LTD.,2011-03-31,3,2195.7123,2184.7542,1.0891,78.2627,145.3006,281.0878,764.6451,408.5175,7.6462,324.9425,1102.435,0.0499,6.6507,34.8245,18.6986
34162,BHARTI AIRTEL LTD.,2011-06-30,3,2282.963,2269.8086,0.7803,86.2842,161.1975,318.0474,777.4939,319.3406,,,,0.0344,7.1018,34.0564,14.0691
34162,BHARTI AIRTEL LTD.,2011-09-30,3,2164.6567,2133.7784,2.0782,75.905,159.241,299.2538,730.0608,274.4629,6.6753,541.2429,,0.0974,7.4629,33.7264,12.8628
34162,BHARTI AIRTEL LTD.,2011-12-31,3,2042.5461,1993.8444,0.5506,58.1762,140.1621,290.2543,685.0132,268.856,,,,0.0276,7.0297,33.5372,13.4843
34162,BHARTI AIRTEL LTD.,2012-03-31,3,2174.6517,2137.6309,0.3776,66.868,149.5936,305.0693,734.4157,312.8391,6.3788,424.1599,896.6278,0.0177,6.9981,33.7716,14.6348
34162,BHARTI AIRTEL LTD.,2012-06-30,3,2074.4066,1959.7716,,64.9652,141.7276,294.8242,689.5592,262.3595,,,,0.0000,7.2318,33.2413,13.3872
34162,BHARTI AIRTEL LTD.,2012-09-30,3,2255.9142,2110.2154,,65.2678,152.8226,307.6596,781.8034,328.097,7.2154,431.3827,935.6515,0.0000,7.2420,34.6557,15.5480
34162,BHARTI AIRTEL LTD.,2012-12-31,3,2075.7928,2067.5584,0.183,70.5777,171.6591,318.0296,589.3063,137.2944,,,,0.0089,8.3025,28.3895,6.6404
34162,BHARTI AIRTEL LTD.,2013-03-31,3,2139.5591,2122.6854,0.1654,74.4795,184.3975,322.9162,658.1477,199.3228,0.386,412.9828,944.2653,0.0078,8.6870,30.7609,9.3901
34162,BHARTI AIRTEL LTD.,2013-06-30,3,2107.5686,2093.3554,,73.5322,178.539,310.7565,590.0041,203.5578,,,,0.0000,8.5288,27.9945,7.8433
34162,BHARTI AIRTEL LTD.,2013-09-30,3,2005.0163,1920.4701,,65.8959,163.1946,281.9829,669.2956,279.8967,0.4549,350.9531,974.1169,0.0000,8.4976,33.3811,14.5744
34162,BHARTI AIRTEL LTD.,2013-12-31,3,2038.0938,2021.3438,,66.2248,172.2492,289.2572,668.2733,330.2843,,,,0.0000,8.5215,32.7891,14.3605
34162,BHARTI AIRTEL LTD.,2014-03-31,3,2145.8518,2120.2511,0.3606,63.6903,167.2239,299.6198,790.8021,337.611,0.1803,354.9185,1027.0266,0.0170,7.8870,36.8526,15.9232
34162,BHARTI AIRTEL LTD.,2014-06-30,3,2311.0561,2281.5403,0.4018,69.9975,171.2017,314.5116,831.0969,361.6901,,,,0.0176,7.5038,35.9618,15.8529
47858,CIPLA LTD.,1997-06-30,3,37.1316,36.4501,,,,0.5586,8.3095,5.5583,,,,0.0000,0.0000,22.3785,15.2490
47858,CIPLA LTD.,1997-09-30,3,38.6571,37.789,,,,0.5495,8.2693,5.5907,,,,0.0000,0.0000,21.3915,14.7946
47858,CIPLA LTD.,1997-12-31,3,34.1259,32.6089,,,,0.5884,9.4115,6.815,,,,0.0000,0.0000,27.5787,20.8990
47858,CIPLA LTD.,1998-03-31,3,33.9238,30.1104,,,,0.6052,12.5217,8.8829,,,,0.0000,0.0000,36.9112,29.5013
47858,CIPLA LTD.,1998-06-30,3,39.2834,38.2284,,,,0.5453,8.4949,5.9035,,,,0.0000,0.0000,21.6247,15.4428
47858,CIPLA LTD.,1998-09-30,3,39.7232,37.9874,,,,0.6586,10.8357,7.3148,,,,0.0000,0.0000,27.2781,19.2558
47858,CIPLA LTD.,1998-12-31,3,40.3534,38.3087,,,,0.6581,11.1072,7.7698,,,,0.0000,0.0000,27.5248,20.2822
47858,CIPLA LTD.,1999-03-31,3,32.0514,30.8664,,,,1.5784,10.076,6.1182,,,,0.0000,0.0000,31.437,19.8214
47858,CIPLA LTD.,1999-06-30,3,47.6293,46.447,25.5857,1.9589,,0.8114,11.3475,7.4529,,,,55.0858,0.0000,23.8246,16.0461
47858,CIPLA LTD.,1999-09-30,3,47.5054,45.8791,20.8986,1.8468,,0.8614,11.9171,8.212,,,,45.5515,0.0000,25.0858,17.8992
47858,CIPLA LTD.,1999-12-31,3,44.6987,43.0383,18.1306,1.9915,,0.8624,11.6984,8.0075,,,,42.1266,0.0000,26.1717,18.6054
47858,CIPLA LTD.,2000-03-31,3,42.1808,39.4828,21.7098,2.1818,,0.5735,8.1352,6.6715,,,,54.9855,0.0000,19.2864,16.8972
47858,CIPLA LTD.,2000-06-30,3,55.7965,54.1004,25.8195,2.6001,,0.8391,12.6289,8.6796,,,,47.7252,0.0000,22.6339,16.0435
47858,CIPLA LTD.,2000-09-30,3,60.9427,58.7635,29.1246,2.6455,,0.9806,15.9864,11.2729,,,,49.5624,0.0000,26.2319,19.1834
47858,CIPLA LTD.,2000-12-31,3,338.5547,333.0595,163.0336,28.8959,,13.9571,73.5543,49.7727,,,,48.9503,0.0000,21.726,14.9441
47858,CIPLA LTD.,2001-03-31,3,55.8767,52.9038,27.4579,2.6362,,0.6971,10.446,7.3701,,,,51.9016,0.0000,18.6948,13.9312
47858,CIPLA LTD.,2001-06-30,3,64.6768,63.3748,32.7139,3.2805,,1.0105,13.4881,9.4459,,,,51.6197,0.0000,20.8546,14.9048
47858,CIPLA LTD.,2001-09-30,3,73.2443,70.7384,30.8169,3.1314,,0.9969,17.5566,12.6831,,,,43.5646,0.0000,23.9699,17.9296
47858,CIPLA LTD.,2001-12-31,3,373.135,366.8415,155.7804,39.1193,,15.8047,87.9773,56.3221,,,,42.4653,0.0000,23.5779,15.3532
47858,CIPLA LTD.,2002-03-31,3,81.3223,80.9017,41.0838,3.6603,,1.467,18.642,12.6612,,,,50.7824,0.0000,22.9236,15.6501
47858,CIPLA LTD.,2002-06-30,3,83.2671,82.291,40.4113,4.0191,,1.4295,17.7775,12.3819,,,,49.1078,0.0000,21.3499,15.0465
47858,CIPLA LTD.,2002-09-30,3,82.2496,81.4052,37.0157,3.2699,,1.3934,21.1038,15.2059,,,,45.4709,0.0000,25.6582,18.6793
47858,CIPLA LTD.,2002-12-31,3,75.995,74.7757,40.752,3.7869,,1.641,19.6884,13.8056,,,,54.4990,0.0000,25.9075,18.4626
47858,CIPLA LTD.,2003-03-31,3,83.7974,81.4738,46.9028,4.0154,,1.4001,12.1996,9.8088,,,,57.5680,0.0000,14.5584,12.0392
47858,CIPLA LTD.,2003-06-30,3,98.6769,97.2468,41.5359,5.0526,,1.8733,20.1332,14.3869,,,,42.7118,0.0000,20.4031,14.7943
47858,CIPLA LTD.,2003-09-30,3,100.1603,98.409,46.2503,4.7895,,1.9084,21.2735,15.1601,,,,46.9981,0.0000,21.2394,15.4052
47858,CIPLA LTD.,2003-12-31,3,107.3526,105.4114,56.2875,4.9484,,1.9741,26.0556,16.5208,,,,53.3980,0.0000,24.2711,15.6727
47858,CIPLA LTD.,2004-03-31,3,128.9776,126.545,65.2741,5.7359,,2.2215,31.132,22.6015,,,,51.5817,0.0000,24.1375,17.8604
47858,CIPLA LTD.,2004-06-30,3,119.8153,117.203,62.8176,6.6285,,2.8561,26.0634,17.4137,,,,53.5973,0.0000,21.753,14.8577
47858,CIPLA LTD.,2004-09-30,3,127.7254,126.1158,65.1133,5.6857,,2.7116,30.2225,20.797,,,,51.6298,0.0000,23.6621,16.4904
47858,CIPLA LTD.,2004-12-31,3,144.91,135.5467,70.0812,6.4711,,2.899,36.7573,28.5741,,,,51.7026,0.0000,25.3656,21.0806
47858,CIPLA LTD.,2005-03-31,3,125.9854,122.4491,62.6184,7.3449,,3.3761,34.8684,24.1657,,,,51.1384,0.0000,27.6765,19.7353
47858,CIPLA LTD.,2005-06-30,3,153.9879,152.0698,74.9554,8.9983,,3.0973,36.3122,25.5587,,,,49.2901,0.0000,23.5812,16.8072
47858,CIPLA LTD.,2005-09-30,3,153.2977,153.0632,64.3403,6.9086,,4.8957,40.7113,27.9166,,,,42.0351,0.0000,26.557,18.2386
47858,CIPLA LTD.,2005-12-31,3,187.9068,171.5963,99.4118,7.705,,5.0388,51.1288,38.4069,,,,57.9335,0.0000,27.2097,22.3821
47858,CIPLA LTD.,2006-03-31,3,206.6571,198.4088,100.1329,9.5702,,5.6203,51.0455,42.8871,,,,50.4680,0.0000,24.7006,21.6155
47858,CIPLA LTD.,2006-06-30,3,191.5189,186.7529,76.8138,11.1409,,5.6454,54.4604,37.0054,,,,41.1313,0.0000,28.436,19.8151
47858,CIPLA LTD.,2006-09-30,3,197.7472,193.6298,88.1876,9.5076,,5.3121,53.4659,39.0885,,,,45.5444,0.0000,27.0375,20.1872
47858,CIPLA LTD.,2006-12-31,3,204.6242,197.2757,104.1033,10.2589,,6.1612,54.9799,41.3089,,,,52.7705,0.0000,26.8687,20.9397
47858,CIPLA LTD.,2007-03-31,3,218.1758,213.1651,106.5314,9.8443,,5.9238,38.3982,28.5584,,,,49.9760,0.0000,17.5997,13.3973
47858,CIPLA LTD.,2007-06-30,3,225.7364,221.1891,115.1381,15.8369,,7.4193,43.9592,29.3732,,,,52.0542,0.0000,19.4737,13.2797
47858,CIPLA LTD.,2007-09-30,3,282.65,272.2831,138.8845,13.1135,,8.1185,65.8999,47.2533,,,,51.0074,0.0000,23.315,17.3545
47858,CIPLA LTD.,2007-12-31,3,286.179,280.0431,130.5578,16.179,,8.357,72.6293,53.4102,,,,46.6206,0.0000,25.379,19.0722
47858,CIPLA LTD.,2008-03-31,3,281.8342,278.0455,141.3148,18.0961,,9.0865,60.3023,44.466,,,,50.8243,0.0000,21.3964,15.9923
47858,CIPLA LTD.,2008-06-30,3,285.8804,281.9057,142.8445,19.7338,,8.9281,49.61,32.7043,,,,50.6710,0.0000,17.3534,11.6012
47858,CIPLA LTD.,2008-09-30,3,300.6145,296.912,135.6246,17.2592,,8.9127,50.0132,33.2346,,,,45.6784,0.0000,16.637,11.1934
47858,CIPLA LTD.,2008-12-31,3,279.3353,275.5341,134.5486,15.8382,,8.4598,64.6274,45.9357,,,,48.8319,0.0000,23.1361,16.6715
47858,CIPLA LTD.,2009-03-31,3,269.0039,265.9882,110.9023,15.2016,,10.8644,71.167,49.368,272.9409,,,41.6944,0.0000,26.4558,18.5602
47858,CIPLA LTD.,2009-06-30,3,290.1016,287.5961,139.3761,19.8896,,9.589,73.9927,50.5949,,,,48.4625,0.0000,25.5058,17.5923
47858,CIPLA LTD.,2009-09-30,3,300.5229,297.8763,131.7928,17.841,,9.8702,81.2694,56.9253,284.0052,384.0921,,44.2442,0.0000,27.0427,19.1104
47858,CIPLA LTD.,2009-12-31,3,312.3183,308.4924,141.0122,19.0757,,9.7941,85.2927,61.9837,,,,45.7101,0.0000,27.3096,20.0925
47858,CIPLA LTD.,2010-03-31,3,332.9311,302.143,153.7518,21.9482,,10.8752,87.4918,39.6787,,,,50.8871,0.0000,26.2792,20.0431
47858,CIPLA LTD.,2010-06-30,3,324.1139,317.7872,139.456,29.5418,,11.7729,78.8906,55.2825,,,,43.8835,0.0000,24.3404,17.3961
47858,CIPLA LTD.,2010-09-30,3,358.879,355.262,154.1087,29.9053,,13.8919,83.2949,57.1696,360.2158,370.2647,,43.3789,0.0000,23.2098,16.0922
47858,CIPLA LTD.,2010-12-31,3,350.4853,344.7965,168.7788,29.9142,,14.4489,76.1463,51.5267,,,,48.9503,0.0000,21.726,14.9441
47858,CIPLA LTD.,2011-03-31,3,377.8548,370.6954,191.6647,29.0623,,15.4814,71.6745,47.5667,,,,51.7041,0.0000,18.9688,12.8317
47858,CIPLA LTD.,2011-06-30,3,362.0769,352.8844,153.7174,38.1768,,15.6627,89.6508,56.4838,,,,43.5603,0.0000,24.7602,16.0063
47858,CIPLA LTD.,2011-09-30,3,378.3348,371.4769,145.4286,39.3568,,13.7746,96.9636,64.8572,358.8757,351.7323,,39.1488,0.0000,25.629,17.4593
47858,CIPLA LTD.,2011-12-31,3,340.8073,334.0783,141.7456,35.5949,,14.3808,81.3403,51.2478,,,,42.4289,0.0000,23.867,15.3401
47858,CIPLA LTD.,2012-03-31,3,378.4631,370.7211,144.588,36.1703,,14.0015,86.9861,57.9735,362.5579,301.9117,136.2896,39.0018,0.0000,22.984,15.6380
47858,CIPLA LTD.,2012-06-30,3,359.7894,350.3195,125.3882,38.0153,,12.9966,106.0593,71.526,,,,35.7925,0.0000,29.4781,20.4174
47858,CIPLA LTD.,2012-09-30,3,414.3772,402.6312,153.2639,44.4293,,13.5443,135.4691,91.5672,340.1672,308.6137,123.4173,38.0656,0.0000,32.6922,22.7422
47858,CIPLA LTD.,2012-12-31,3,390.2834,380.4974,185.7655,47.3202,,14.2729,99.978,61.992,,,,48.8218,0.0000,25.6168,16.2924
47858,CIPLA LTD.,2013-03-31,3,371.1515,360.4078,145.6707,46.8842,,14.3831,86.0044,49.18,430.7333,302.4068,152.0269,40.4183,0.0000,23.1723,13.6457
47858,CIPLA LTD.,2013-06-30,3,437.7083,425.8685,138.9012,52.5651,,13.5077,127.1966,81.3238,,,,32.6160,0.0000,29.0597,19.0960
47858,CIPLA LTD.,2013-09-30,3,378.3342,368.2138,158.7069,49.9827,,12.8074,96.8517,58.9832,358.1059,304.7696,146.6069,43.1018,0.0000,25.5995,16.0187
47858,CIPLA LTD.,2013-12-31,3,377.1036,368.53,174.139,52.7117,,13.2579,73.6582,42.1206,,,,47.2523,0.0000,19.5326,11.4294
47858,CIPLA LTD.,2014-03-31,3,393.0901,377.7592,166.8011,54.5449,,13.2756,74.0535,45.3404,411.5711,283.2301,157.7605,44.1554,0.0000,18.8388,12.0025
47858,CIPLA LTD.,2014-06-30,3,420.5107,414.2694,140.9141,64.0893,,19.1258,95.3965,55.6113,,,,34.0151,0.0000,22.6859,13.4239
48799,COAL INDIA LTD.,2010-06-30,3,722.675,12.8982,0.4596,14.554,0.4402,0.2899,697.9931,680.6237,,,,3.5631,3.4133,96.5846,5276.8731
48799,COAL INDIA LTD.,2010-09-30,3,25.2884,10.5466,0.5043,10.0315,0.3261,0.2456,-1.4411,32.8832,,,,4.7815,3.0915,-5.6988,52.8648
48799,COAL INDIA LTD.,2010-12-31,3,88.6997,31.699,0.6798,14.4091,0.3034,0.4274,54.1087,25.5475,,,,2.1446,0.9570,61.0021,80.5938
48799,COAL INDIA LTD.,2011-03-31,3,355.6296,35.0593,0.5557,16.0304,0.2845,0.3712,321.235,280.1431,7.933,,0.5112,1.5850,0.8115,90.3285,878.5837
48799,COAL INDIA LTD.,2011-06-30,3,1081.5352,27.4393,0.4749,14.9961,0.2876,0.3411,1053.8618,1012.577,,,,1.7307,1.0482,97.4413,3690.2495
48799,COAL INDIA LTD.,2011-09-30,3,293.5714,14.037,0.5857,16.2642,0.3569,0.3338,259.7878,226.8459,5.4683,0.1679,,4.1723,2.5422,88.4922,1616.0610
48799,COAL INDIA LTD.,2011-12-31,3,296.3815,13.5377,0.4025,14.1624,0.1728,0.3095,271.518,231.5143,,,,2.9734,1.2763,91.611,1710.1403
48799,COAL INDIA LTD.,2012-03-31,3,354.0429,30.7255,0.5246,23.8897,0.3299,0.4392,316.2411,230.9222,3.6782,0.002,0.5067,1.7074,1.0736,89.3228,791.3077
48799,COAL INDIA LTD.,2012-06-30,3,876.3734,16.2324,0.4551,15.5792,0.2981,0.2749,849.9447,816.8071,,,,2.8037,1.8362,96.9843,5031.9626
48799,COAL INDIA LTD.,2012-09-30,3,290.0131,9.0174,0.5274,18.0988,0.3626,0.2839,255.0333,217.3579,1.8881,0.0037,0.4304,5.8489,4.0211,87.9385,2437.4898
48799,COAL INDIA LTD.,2012-12-31,3,394.891,16.4925,0.5727,34.921,0.3349,0.2891,345.1573,310.5125,,,,3.4728,2.0304,87.4057,1882.7471
48799,COAL INDIA LTD.,2013-03-31,3,514.9566,22.4119,0.5606,16.4528,0.2481,0.0533,492.1532,426.5498,2.8785,0.272,0.443,2.5014,1.1072,95.5718,1903.2314
48799,COAL INDIA LTD.,2013-06-30,3,666.9287,7.3498,0.375,24.5393,0.2723,0.2449,636.4592,608.019,,,,5.1025,3.7046,95.4314,8272.6002
48799,COAL INDIA LTD.,2013-09-30,3,239.1106,4.0579,0.4408,17.7861,0.2996,0.2259,216.6485,190.4298,3.6422,0.1882,0.2886,10.8620,7.3831,90.606,4692.8102
48799,COAL INDIA LTD.,2013-12-31,3,1610.3718,13.6924,0.5314,22.5714,0.2552,0.2229,1576.4372,1550.2703,,,,3.8811,1.8639,97.8927,11322.1305
48799,COAL INDIA LTD.,2014-03-31,3,166.3962,26.3366,0.6671,19.7725,0.295,0.354,135.6721,105.9003,6.5346,2.4765,0.3639,2.5328,1.1202,81.5356,402.1034
48799,COAL INDIA LTD.,2014-06-30,3,242.6809,11.1417,0.5475,15.734,0.2645,0.2695,221.2397,201.2399,,,,4.9136,2.3742,91.1648,1806.1908
62987,DR. REDDY'S LABORATORIES LTD.,1995-03-31,12,64.7839,64.7839,,,,,12.6574,12.6574,,,,0.0000,0.0000,19.5379,19.5379
62987,DR. REDDY'S LABORATORIES LTD.,1997-06-30,3,23.8057,23.7777,,,,0.4106,5.2957,3.5445,,,,0.0000,0.0000,22.2457,14.9066
62987,DR. REDDY'S LABORATORIES LTD.,1997-09-30,3,23.9481,23.841,,,,0.5357,5.6347,3.8902,,,,0.0000,0.0000,23.5287,16.3171
62987,DR. REDDY'S LABORATORIES LTD.,1997-12-31,3,19.4421,19.396,,,,0.5654,3.6735,2.6605,,,,0.0000,0.0000,18.8947,13.7167
62987,DR. REDDY'S LABORATORIES LTD.,1998-03-31,3,22.1035,21.2426,,,,0.8103,4.4871,2.9348,,,,0.0000,0.0000,20.3001,13.8157
62987,DR. REDDY'S LABORATORIES LTD.,1998-06-30,3,27.1942,27.0875,,,,0.6117,7.2218,5.0832,,,,0.0000,0.0000,26.5562,18.7659
62987,DR. REDDY'S LABORATORIES LTD.,1998-09-30,3,25.804,25.7522,,,,0.675,5.2168,3.9631,,,,0.0000,0.0000,20.2169,15.3895
62987,DR. REDDY'S LABORATORIES LTD.,1998-12-31,3,21.3024,21.0721,,,,0.7356,3.9625,2.5547,,,,0.0000,0.0000,18.6011,12.1236
62987,DR. REDDY'S LABORATORIES LTD.,1999-03-31,3,27.441,26.494,,,,0.907,5.5151,2.9684,,,,0.0000,0.0000,20.0979,11.2040
62987,DR. REDDY'S LABORATORIES LTD.,1999-06-30,3,26.0007,25.9103,14.0134,1.8267,,0.9574,3.9664,2.0145,,,,54.0843,0.0000,15.255,7.7749
62987,DR. REDDY'S LABORATORIES LTD.,1999-09-30,3,23.1451,22.9131,8.9195,1.9984,,0.9487,4.8238,2.7496,,,,38.9273,0.0000,20.8416,12.0000
62987,DR. REDDY'S LABORATORIES LTD.,1999-12-31,3,24.7927,24.7238,7.4578,1.9478,,1.0211,7.0255,5.0754,,,,30.1646,0.0000,28.3369,20.5283
62987,DR. REDDY'S LABORATORIES LTD.,2000-03-31,3,28.4317,27.7068,7.791,2.6658,,0.9681,6.6875,4.0378,,,,28.1196,0.0000,23.5213,14.5732
62987,DR. REDDY'S LABORATORIES LTD.,2000-06-30,3,28.2965,27.9296,12.3067,2.1436,,0.9913,7.0327,4.3834,,,,44.0635,0.0000,24.8537,15.6946
62987,DR. REDDY'S LABORATORIES LTD.,2000-09-30,3,33.5745,33.0711,9.2506,2.5431,,1.4404,9.9218,6.422,,,,27.9718,0.0000,29.5515,19.4188
62987,DR. REDDY'S LABORATORIES LTD.,2000-12-31,3,43.4776,41.6766,18.449,3.8909,,2.1904,11.5635,6.832,,,,44.2671,0.0000,26.5965,16.3929
62987,DR. REDDY'S LABORATORIES LTD.,2001-03-31,3,58.3456,57.597,15.7999,4.5066,,3.078,17.799,9.1376,,,,27.4318,0.0000,30.5062,15.8647
62987,DR. REDDY'S LABORATORIES LTD.,2001-06-30,3,57.9008,56.0797,28.2377,4.4719,,2.3913,15.7304,11.3819,,,,50.3528,0.0000,27.1678,20.2959
62987,DR. REDDY'S LABORATORIES LTD.,2001-09-30,3,107.9734,99.4711,23.0177,5.2533,,2.5522,37.0146,48.619,,,,23.1401,0.0000,34.2813,30.2633
62987,DR. REDDY'S LABORATORIES LTD.,2001-12-31,3,86.3601,82.2973,22.6928,5.1875,,2.6063,38.2617,31.4486,,,,27.5742,0.0000,44.3048,40.9569
62987,DR. REDDY'S LABORATORIES LTD.,2002-03-31,3,82.7093,79.8533,18.2234,6.0916,,2.8293,26.3852,22.1053,,,,22.8212,0.0000,31.9012,25.9969
62987,DR. REDDY'S LABORATORIES LTD.,2002-06-30,3,72.2045,68.4223,26.4977,6.0511,,2.7897,22.9422,15.9783,,,,38.7267,0.0000,31.774,23.9195
62987,DR. REDDY'S LABORATORIES LTD.,2002-09-30,3,87.1049,83.3375,30.802,6.0403,,2.9768,26.5454,20.1666,,,,36.9606,0.0000,30.4752,24.5727
62987,DR. REDDY'S LABORATORIES LTD.,2002-12-31,3,81.8155,77.7856,26.9236,5.8787,,2.8355,25.2742,19.3519,,,,34.6125,0.0000,30.8917,24.8785
62987,DR. REDDY'S LABORATORIES LTD.,2003-03-31,3,87.5903,84.0493,19.4895,7.6426,,3.4403,28.6475,25.5641,,,,23.1882,0.0000,32.7063,29.8661
62987,DR. REDDY'S LABORATORIES LTD.,2003-06-30,3,96.9963,92.8386,28.5363,7.8636,,3.5132,34.6486,26.4424,,,,30.7375,0.0000,35.7215,28.4822
62987,DR. REDDY'S LABORATORIES LTD.,2003-09-30,3,102.9825,98.3043,34.9222,8.3598,,3.7361,31.3301,22.7936,,,,35.5246,0.0000,30.4227,23.1868
62987,DR. REDDY'S LABORATORIES LTD.,2003-12-31,3,89.1099,84.9446,35.5268,8.006,,3.9613,16.3695,9.741,,,,41.8235,0.0000,18.37,11.4675
62987,DR. REDDY'S LABORATORIES LTD.,2004-03-31,3,96.1595,88.1732,30.119,9.4036,,4.4696,3.6632,5.6093,,,,34.1589,0.0000,3.8095,2.7109
62987,DR. REDDY'S LABORATORIES LTD.,2004-06-30,3,91.3703,88.156,33.5377,9.6801,,4.3875,12.2441,6.7976,,,,38.0436,0.0000,13.4005,7.7109
62987,DR. REDDY'S LABORATORIES LTD.,2004-09-30,3,98.3793,93.7653,34.5611,9.5123,,4.9763,14.4431,8.445,,,,36.8592,0.0000,14.681,9.0066
62987,DR. REDDY'S LABORATORIES LTD.,2004-12-31,3,87.2343,83.8078,30.118,10.7275,,5.5593,4.909,0.9868,,,,35.9369,0.0000,5.6274,1.1775
62987,DR. REDDY'S LABORATORIES LTD.,2005-03-31,3,86.0586,81.474,29.6658,10.8194,,5.745,0.6592,1.2634,,,,36.4114,0.0000,0.766,-2.4581
62987,DR. REDDY'S LABORATORIES LTD.,2005-06-30,3,123.049,117.6826,39.8592,11.8983,,5.9951,25.8501,14.5322,,,,33.8701,0.0000,21.008,12.3487
62987,DR. REDDY'S LABORATORIES LTD.,2005-09-30,3,123.6551,117.7894,42.8472,11.5219,,6.1958,32.35,24.4874,,,,36.3761,0.0000,26.1615,20.7891
62987,DR. REDDY'S LABORATORIES LTD.,2005-12-31,3,116.5986,104.1943,41.4477,12.0143,,6.189,24.756,11.8851,,,,39.7792,0.0000,21.2318,11.4066
62987,DR. REDDY'S LABORATORIES LTD.,2006-03-31,3,121.4561,112.0973,54.3547,12.486,,6.6859,9.9052,-5.4584,,,,48.4889,0.0000,8.1553,-2.8077
62987,DR. REDDY'S LABORATORIES LTD.,2006-06-30,3,167.6629,152.1925,59.8474,13.3535,,6.8483,41.1286,28.6198,,,,39.3235,0.0000,24.5305,18.8050
62987,DR. REDDY'S LABORATORIES LTD.,2006-09-30,3,205.7544,181.3599,64.0966,15.4051,,7.1746,77.2468,59.1184,,,,35.3422,0.0000,37.5432,32.5973
62987,DR. REDDY'S LABORATORIES LTD.,2006-12-31,3,271.5635,258.4077,60.3367,15.9966,,7.5771,133.4327,117.1717,,,,23.3494,0.0000,49.135,43.6531
62987,DR. REDDY'S LABORATORIES LTD.,2007-03-31,3,261.453,240.6174,69.1099,17.2218,,7.9613,92.2329,67.3723,,,,28.7219,0.0000,35.277,25.3840
62987,DR. REDDY'S LABORATORIES LTD.,2007-06-30,3,196.5668,178.3827,71.0195,19.0671,,8.5745,52.3326,35.7329,,,,39.8130,0.0000,26.6233,20.0316
62987,DR. REDDY'S LABORATORIES LTD.,2007-09-30,3,229.1621,218.116,97.8656,22.7863,,9.591,46.2568,30.9866,,,,44.8686,0.0000,20.1852,14.2065
62987,DR. REDDY'S LABORATORIES LTD.,2007-12-31,3,208.0832,201.1283,87.2186,23.7855,,10.322,26.2779,10.7226,,,,43.3646,0.0000,12.6286,5.3312
62987,DR. REDDY'S LABORATORIES LTD.,2008-03-31,3,277.1609,269.8734,98.0903,23.4633,,11.2571,74.3867,52.0484,,,,36.3468,0.0000,26.8388,19.2862
62987,DR. REDDY'S LABORATORIES LTD.,2008-06-30,3,261.2167,254.3484,92.4475,22.1135,,10.6095,70.1074,49.0542,,,,36.3468,0.0000,26.8388,19.2862
62987,DR. REDDY'S LABORATORIES LTD.,2008-09-30,3,209.6348,206.1869,87.0424,22.9304,,10.4249,36.1404,19.9741,,,,42.2153,0.0000,17.2397,9.6874
62987,DR. REDDY'S LABORATORIES LTD.,2008-12-31,3,217.4093,214.2433,80.1223,23.7038,,9.9153,36.3411,21.3129,,,,37.3978,0.0000,16.7155,9.9480
62987,DR. REDDY'S LABORATORIES LTD.,2009-03-31,3,227.6935,224.666,76.2127,19.2986,,10.2417,58.5654,30.4831,,,,33.9227,0.0000,25.7212,13.5682
62987,DR. REDDY'S LABORATORIES LTD.,2009-06-30,3,255.5198,252.0974,87.6844,25.4513,,10.8533,72.0858,47.6079,,,,34.7820,0.0000,28.2115,18.8847
62987,DR. REDDY'S LABORATORIES LTD.,2009-09-30,3,235.1437,232.4289,84.7377,25.8759,,11.371,63.6823,40.6822,164.3906,245.5485,,36.4575,0.0000,27.0823,17.5031
62987,DR. REDDY'S LABORATORIES LTD.,2009-12-31,3,232.9788,225.3356,86.7317,26.3714,,11.6963,60.1501,36.1184,,,,38.4900,0.0000,25.8179,16.0287
62987,DR. REDDY'S LABORATORIES LTD.,2010-03-31,3,282.3047,257.6553,89.6721,30.7948,,13.3984,84.6675,62.6995,197.2328,233.0872,,34.8031,0.0000,29.9915,21.5955
62987,DR. REDDY'S LABORATORIES LTD.,2010-06-30,3,277.5032,273.0106,94.1189,33.0488,,12.284,72.2696,52.5035,,,,34.4745,0.0000,26.0428,19.2313
62987,DR. REDDY'S LABORATORIES LTD.,2010-09-30,3,293.2777,281.8986,91.2332,41.104,,13.3354,70.9159,47.8642,210.8131,282.2007,,32.3638,0.0000,24.1805,16.9792
62987,DR. REDDY'S LABORATORIES LTD.,2010-12-31,3,315.9873,307.7475,108.0004,37.4587,,14.1478,84.2222,58.1876,,,,35.0938,0.0000,26.6537,18.9076
62987,DR. REDDY'S LABORATORIES LTD.,2011-03-31,3,305.798,299.3276,96.6714,42.0031,,14.559,58.2425,49.2582,236.3151,393.5385,179.3507,32.2962,0.0000,19.0461,12.3171
62987,DR. REDDY'S LABORATORIES LTD.,2011-06-30,3,390.7313,378.3482,102.8476,47.0661,,15.3684,148.7789,101.2334,,,,27.1833,0.0000,38.077,26.7567
62987,DR. REDDY'S LABORATORIES LTD.,2011-09-30,3,348.464,345.7246,110.7445,43.0156,,15.4077,56.6454,29.0731,251.0952,492.0075,,32.0326,0.0000,16.2557,8.4093
62987,DR. REDDY'S LABORATORIES LTD.,2011-12-31,3,309.8413,305.2522,98.6223,40.6569,,14.2175,43.9245,20.5117,,,,32.3085,0.0000,14.1765,6.7196
62987,DR. REDDY'S LABORATORIES LTD.,2012-03-31,3,407.6029,355.3643,121.4812,46.8891,,16.6822,90.5113,80.335,263.621,386.1952,145.7425,34.1850,0.0000,22.2058,11.8431
62987,DR. REDDY'S LABORATORIES LTD.,2012-06-30,3,327.4924,322.0667,106.2484,46.5733,,13.0502,55.0437,31.708,,,,32.9896,0.0000,16.8076,9.8452
62987,DR. REDDY'S LABORATORIES LTD.,2012-09-30,3,416.1536,386.1403,122.791,52.5933,,13.9234,108.7229,70.5456,275.7583,401.2852,140.5272,31.7996,0.0000,26.1257,17.2170
62987,DR. REDDY'S LABORATORIES LTD.,2012-12-31,3,400.0622,394.9642,134.9119,52.4346,,14.4687,103.764,63.4303,,,,34.1580,0.0000,25.937,16.0597
62987,DR. REDDY'S LABORATORIES LTD.,2013-03-31,3,450.5663,413.8136,134.3646,55.7733,,15.5558,120.9888,49.0992,280.5978,544.7999,141.1325,32.4698,0.0000,26.8526,16.7968
62987,DR. REDDY'S LABORATORIES LTD.,2013-06-30,3,317.6457,311.9415,111.896,68.7151,,15.2561,31.9147,15.3007,,,,35.8708,0.0000,10.0473,3.5606
62987,DR. REDDY'S LABORATORIES LTD.,2013-09-30,3,429.9309,424.6982,105.4648,46.6777,,14.7917,162.0684,121.3105,250.9298,581.7926,120.7019,24.8329,0.0000,37.6964,28.5639
62987,DR. REDDY'S LABORATORIES LTD.,2013-12-31,3,427.5476,417.3409,101.7036,50.4569,,15.8552,158.0577,100.6569,,,,24.3694,0.0000,36.9684,24.1186
62987,DR. REDDY'S LABORATORIES LTD.,2014-03-31,3,442.3526,428.6098,124.8271,67.4747,,16.2176,117.1977,77.2659,260.945,747.612,138.0454,29.1237,0.0000,26.4942,18.0271
62987,DR. REDDY'S LABORATORIES LTD.,2014-06-30,3,465.8174,450.435,115.0062,70.3775,,17.6593,151.0547,100.9113,,,,25.5322,0.0000,32.4279,22.4031
79498,G A I L (INDIA) LTD.,1998-06-30,3,387.7937,385.0292,,,,18.7894,79.8234,47.3421,,,,0.0000,0.0000,20.584,12.2957
79498,G A I L (INDIA) LTD.,1998-09-30,3,400.9977,395.7292,,,,21.5045,85.3241,44.6084,,,,0.0000,0.0000,21.278,11.2724
79498,G A I L (INDIA) LTD.,1998-12-31,3,420.6105,412.648,,,,26.393,92.3239,58.5253,,,,0.0000,0.0000,21.95,14.1829
79498,G A I L (INDIA) LTD.,1999-03-31,3,428.217,382.961,,,,13.1904,137.2616,99.3135,,,,0.0000,0.0000,32.0542,25.9331
79498,G A I L (INDIA) LTD.,1999-06-30,3,373.0229,370.5216,272.2053,4.2376,,26.1722,67.4242,31.3603,,,,73.4654,0.0000,18.0751,8.4638
79498,G A I L (INDIA) LTD.,1999-09-30,3,504.7457,482.9536,342.6908,4.1577,,30.8449,117.5656,63.973,,,,70.9573,0.0000,23.292,13.2462
79498,G A I L (INDIA) LTD.,1999-12-31,3,538.9461,534.7216,392.4433,11.634,,28.5688,99.125,50.8158,,,,73.3921,0.0000,18.3924,9.5032
79498,G A I L (INDIA) LTD.,2000-03-31,3,551.9861,548.0538,386.1354,5.4097,,30.5149,103.5271,51.3735,,,,70.4557,0.0000,18.7554,9.3738
79498,G A I L (INDIA) LTD.,2000-06-30,3,543.7471,536.824,371.3208,6.4577,,26.3521,115.0992,62.5204,,,,69.1699,0.0000,21.1678,11.6464
79498,G A I L (INDIA) LTD.,2000-09-30,3,568.6461,562.7558,382.8347,7.3612,,31.5544,126.5554,39.8396,,,,68.0286,0.0000,22.2556,7.0794
79498,G A I L (INDIA) LTD.,2000-12-31,3,540.9076,534.5868,366.3276,7.2855,,26.8425,116.7217,60.209,,,,68.5254,0.0000,21.5789,11.2627
79498,G A I L (INDIA) LTD.,2001-03-31,3,564.6465,552.9649,363.323,7.4431,,41.6169,148.1344,57.7986,,,,65.7045,0.0000,26.2349,10.4525
79498,G A I L (INDIA) LTD.,2001-06-30,3,554.4022,547.8093,362.0015,6.6058,,31.7948,138.1676,67.5978,,,,66.0817,0.0000,24.9219,12.3397
79498,G A I L (INDIA) LTD.,2001-09-30,3,560.4416,552.6739,367.6426,8.0028,,31.52,129.4547,47.4038,,,,66.5207,0.0000,23.0987,8.5772
79498,G A I L (INDIA) LTD.,2001-12-31,3,574.5097,559.4125,377.2562,7.6853,,29.0448,140.1865,63.8989,,,,67.4379,0.0000,24.4011,11.4225
79498,G A I L (INDIA) LTD.,2002-03-31,3,549.7708,535.5647,352.5854,7.6591,,34.5901,143.2373,68.9422,,,,65.8343,0.0000,26.054,12.8728
79498,G A I L (INDIA) LTD.,2002-06-30,3,545.3361,535.2026,345.816,7.8278,,33.527,144.2047,63.423,,,,64.6140,0.0000,26.4433,11.8503
79498,G A I L (INDIA) LTD.,2002-09-30,3,629.0213,618.6687,382.444,7.7681,,32.0241,170.7623,83.8391,,,,61.8173,0.0000,27.1473,13.5515
79498,G A I L (INDIA) LTD.,2002-12-31,3,666.8259,638.9281,380.6813,8.2676,,36.8301,179.3311,66.3274,,,,59.5812,0.0000,26.8932,11.6815
79498,G A I L (INDIA) LTD.,2003-03-31,3,677.9734,645.2895,385.2976,7.3865,,30.4989,214.3066,111.6977,,,,59.7093,0.0000,31.6099,18.3178
79498,G A I L (INDIA) LTD.,2003-06-30,3,636.1001,625.828,389.5523,8.3881,,34.5116,167.9591,78.0685,,,,62.2459,0.0000,26.4045,12.4895
79498,G A I L (INDIA) LTD.,2003-09-30,3,691.5999,672.3656,416.2615,9.2191,,35.7161,195.1298,106.2409,,,,61.9100,0.0000,28.2143,15.8011
79498,G A I L (INDIA) LTD.,2003-12-31,3,669.4976,662.4129,420.018,8.2473,,36.3669,170.3849,84.9073,,,,63.4073,0.0000,25.4497,12.8179
79498,G A I L (INDIA) LTD.,2004-03-31,3,769.6824,751.5462,418.4446,10.3166,,37.7032,259.3725,141.9489,,,,55.6778,0.0000,33.6986,18.8876
79498,G A I L (INDIA) LTD.,2004-06-30,3,653.4376,645.6271,414.8924,9.6999,,51.0481,175.5848,74.4641,,,,64.2619,0.0000,26.8709,11.5336
79498,G A I L (INDIA) LTD.,2004-09-30,3,756.7817,735.3275,486.0027,9.2086,,51.052,211.9241,98.9542,,,,66.0934,0.0000,28.0033,13.4572
79498,G A I L (INDIA) LTD.,2004-12-31,3,821.8411,790.1315,507.6239,10.9321,,54.9381,264.6042,144.4462,,,,64.2455,0.0000,32.1965,18.2813
79498,G A I L (INDIA) LTD.,2005-03-31,3,838.439,751.9936,501.4946,16.1433,,54.2985,231.6663,119.8283,,,,66.6887,0.0000,27.6307,15.9348
79498,G A I L (INDIA) LTD.,2005-06-30,3,842.9653,831.5143,548.8908,12.2586,,54.8457,228.9479,110.9258,,,,66.0110,0.0000,27.1598,13.3402
79498,G A I L (INDIA) LTD.,2005-09-30,3,966.1699,927.6126,641.4628,12.2665,,9.0877,251.3247,176.2845,,,,69.1520,0.0000,26.0125,19.0041
79498,G A I L (INDIA) LTD.,2005-12-31,3,1007.1946,973.9186,699.6571,13.4142,,30.9801,232.8707,140.9011,,,,71.8394,0.0000,23.1207,14.4674
79498,G A I L (INDIA) LTD.,2006-03-31,3,841.7401,822.7639,545.867,11.8655,,31.2756,177.3395,92.006,,,,66.3455,0.0000,21.0682,11.1825
79498,G A I L (INDIA) LTD.,2006-06-30,3,902.9258,885.5424,631.0169,11.9703,,30.574,221.8389,128.5579,,,,71.2577,0.0000,24.5689,14.5174
79498,G A I L (INDIA) LTD.,2006-09-30,3,840.0425,803.7532,571.4035,19.6548,,31.129,164.0207,97.2225,,,,71.0919,0.0000,19.5253,12.0961
79498,G A I L (INDIA) LTD.,2006-12-31,3,1022.3034,980.9385,645.9353,14.6143,,32.2329,234.9662,149.0909,,,,65.8487,0.0000,22.984,15.1988
79498,G A I L (INDIA) LTD.,2007-03-31,3,984.9337,882.082,633.6033,20.7721,,33.4193,239.6861,77.412,,,,71.8304,0.0000,24.3353,17.5292
79498,G A I L (INDIA) LTD.,2007-06-30,3,1063.7105,1041.325,682.8821,16.8964,,34.5091,277.1468,168.0618,,,,65.5782,0.0000,26.0547,16.1392
79498,G A I L (INDIA) LTD.,2007-09-30,3,1167.4517,1126.8691,741.2122,21.4923,,36.9757,262.4963,205.6371,,,,65.7762,0.0000,22.4846,12.5950
79498,G A I L (INDIA) LTD.,2007-12-31,3,1136.7013,1096.6734,733.1364,25.6542,,35.1648,268.0223,157.5355,,,,66.8509,0.0000,23.579,14.3649
79498,G A I L (INDIA) LTD.,2008-03-31,3,1247.6119,1224.8449,805.2492,52.8388,,35.3027,312.1217,182.3514,,,,65.7429,0.0000,25.0175,14.6140
79498,G A I L (INDIA) LTD.,2008-06-30,3,1365.1284,1340.0794,893.099,20.2312,,33.3863,353.6198,209.4512,,,,66.6452,0.0000,25.9038,15.6298
79498,G A I L (INDIA) LTD.,2008-09-30,3,1395.4438,1354.7121,915.9731,25.902,,30.4144,364.3973,224.6181,,,,67.6139,0.0000,26.1134,16.5805
79498,G A I L (INDIA) LTD.,2008-12-31,3,1243.1278,1195.6811,965.3529,66.3132,,28.2452,103.0243,52.0868,,,,80.7367,0.0000,8.2875,4.3562
79498,G A I L (INDIA) LTD.,2009-03-31,3,1238.6789,1221.4766,881.3408,9.6542,,27.5182,229.4014,122.9749,,,,72.1537,0.0000,18.5198,10.0677
79498,G A I L (INDIA) LTD.,2009-06-30,3,1280.8476,1268.303,900.2378,27.6324,,29.3907,239.7433,137.2808,,,,70.9797,0.0000,18.7176,10.8240
79498,G A I L (INDIA) LTD.,2009-09-30,3,1319.646,1289.348,949.5839,26.1876,,29.2368,244.89,147.2432,116.6191,233.808,,73.6484,0.0000,18.5572,11.4200
79498,G A I L (INDIA) LTD.,2009-12-31,3,1362.968,1335.9683,915.3614,54.4435,,30.2187,303.1074,184.4199,,,,68.5167,0.0000,22.2388,13.8042
79498,G A I L (INDIA) LTD.,2010-03-31,3,1466.1502,1443.8063,980.3947,23.8406,,30.5244,322.0669,200.189,138.8413,284.6367,,67.9035,0.0000,21.9668,13.8654
79498,G A I L (INDIA) LTD.,2010-06-30,3,1538.4037,1528.1491,1099.1936,35.104,,34.3523,322.6363,190.4627,,,,71.9297,0.0000,20.9722,12.4636
79498,G A I L (INDIA) LTD.,2010-09-30,3,1799.3835,1766.8046,1318.9509,33.4223,,35.3417,349.2866,200.749,184.9856,326.8631,,74.6518,0.0000,19.4115,11.3623
79498,G A I L (INDIA) LTD.,2010-12-31,3,1898.6672,1856.463,1384.2193,35.5189,,35.5499,337.4049,214.2713,,,,74.5622,0.0000,17.7706,11.5419
79498,G A I L (INDIA) LTD.,2011-03-31,3,1991.8892,1980.2243,1481.4657,54.1482,,37.1553,296.956,174.9853,190.0688,407.4284,464.5106,74.8130,0.0000,14.9083,8.7897
79498,G A I L (INDIA) LTD.,2011-06-30,3,1996.2744,1981.8603,1494.0738,38.2526,,39.7152,366.0567,219.5386,,,,75.3874,0.0000,18.337,11.0774
79498,G A I L (INDIA) LTD.,2011-09-30,3,2066.06,2041.71,1501.2962,35.7946,,42.1424,376.0698,229.7323,243.9665,419.7256,435.4335,73.5313,0.0000,18.2023,11.2520
79498,G A I L (INDIA) LTD.,2011-12-31,3,2148.4746,2144.4209,1576.4664,35.2494,,37.4955,344.8439,207.228,,,,73.5148,0.0000,16.0506,9.6636
79498,G A I L (INDIA) LTD.,2012-03-31,3,2176.9887,2086.7854,1744.4409,13.1192,,42.5809,185.6825,108.5925,282.1255,378.4512,498.764,83.5946,0.0000,8.5293,4.6027
79498,G A I L (INDIA) LTD.,2012-06-30,3,1993.4267,1985.0705,1442.9645,31.0512,,38.715,349.8644,202.3523,,,,72.6908,0.0000,17.5509,10.1937
79498,G A I L (INDIA) LTD.,2012-09-30,3,2144.3418,2089.1737,1677.95,34.5769,,45.6124,310.185,172.2161,245.4556,353.6566,457.7115,80.3164,0.0000,14.4653,8.6375
79498,G A I L (INDIA) LTD.,2012-12-31,3,2326.3701,2291.2679,1727.5522,33.9659,,44.354,394.5671,235.1113,,,,75.3972,0.0000,16.9606,10.2612
79498,G A I L (INDIA) LTD.,2013-03-31,3,2341.7843,2292.2311,1778.7524,43.572,,50.0991,267.7495,115.776,282.208,468.9601,570.5001,77.5992,0.0000,11.4336,4.9571
79498,G A I L (INDIA) LTD.,2013-06-30,3,2218.891,2209.0136,1831.7613,34.3207,,48.087,268.151,138.4165,,,,82.9221,0.0000,12.0849,6.2650
79498,G A I L (INDIA) LTD.,2013-09-30,3,2242.9363,2196.3904,1709.0292,31.8562,,45.3067,276.0866,131.8937,247.0711,436.2476,384.9599,77.8108,0.0000,12.3092,6.5394
79498,G A I L (INDIA) LTD.,2013-12-31,3,2679.9515,2590.6061,2000.3247,35.2736,,48.5864,454.8694,275.5632,,,,77.2145,0.0000,16.973,10.4710
79498,G A I L (INDIA) LTD.,2014-03-31,3,2454.8284,2387.5111,1983.4087,37.0145,,50.1033,303.1337,159.488,369.548,460.8762,651.462,83.0743,0.0000,12.3485,6.6727
79498,G A I L (INDIA) LTD.,2014-06-30,3,2267.6212,2238.7533,1962.1702,38.0625,,39.1172,203.793,104.0403,,,,87.6457,0.0000,8.9871,4.6472
88297,H D F C BANK LTD.,1997-06-30,3,19.5825,16.2056,,,,0.8687,15.4152,4.4941,,,,0.0000,0.0000,78.7192,27.7318
88297,H D F C BANK LTD.,1997-09-30,3,22.3465,17.7585,,,,0.9368,18.003,4.7858,,,,0.0000,0.0000,80.5631,26.9493
88297,H D F C BANK LTD.,1997-12-31,3,17.0579,13.8576,,,,0.7163,13.7297,3.6812,,,,0.0000,0.0000,80.4889,26.5645
88297,H D F C BANK LTD.,1998-03-31,3,23.7064,18.4597,,,,0.3469,19.5334,3.8641,,,,0.0000,0.0000,82.3969,20.9328
88297,H D F C BANK LTD.,1998-06-30,3,22.0849,17.7272,,,,0.7468,17.3621,4.7845,,,,0.0000,0.0000,78.6151,26.9894
88297,H D F C BANK LTD.,1998-09-30,3,24.5174,20.3167,,,,0.9102,20.2556,5.1721,,,,0.0000,0.0000,82.617,25.4573
88297,H D F C BANK LTD.,1998-12-31,3,26.9406,23.3236,,,,0.7309,22.3107,4.2751,,,,0.0000,0.0000,82.8143,18.3293
88297,H D F C BANK LTD.,1999-03-31,3,31.1279,27.2549,,,,1.152,25.1535,5.1923,,,,0.0000,0.0000,80.8068,19.0509
88297,H D F C BANK LTD.,1999-06-30,3,32.0975,27.8251,,1.5532,,1.217,26.4017,5.8696,,,,0.0000,0.0000,82.2548,21.0947
88297,H D F C BANK LTD.,1999-09-30,3,39.2475,33.0362,,1.686,,1.206,31.5661,6.4318,,,,0.0000,0.0000,80.4284,19.4688
88297,H D F C BANK LTD.,1999-12-31,3,44.8068,36.8039,,2.0674,,1.8259,33.5729,6.4782,,,,0.0000,0.0000,74.9281,17.6018
88297,H D F C BANK LTD.,2000-03-31,3,69.0685,58.7287,,5.8479,,,43.6559,8.8486,,,,0.0000,0.0000,63.2067,15.0670
88297,H D F C BANK LTD.,2000-06-30,3,72.2159,62.328,,3.5757,,,50.6791,10.3712,,,,0.0000,0.0000,70.1772,16.6397
88297,H D F C BANK LTD.,2000-09-30,3,71.8299,63.8236,,3.7133,,,55.0677,10.5101,,,,0.0000,0.0000,76.664,16.4675
88297,H D F C BANK LTD.,2000-12-31,3,79.7318,69.5629,,4.6267,,,59.1865,11.294,,,,0.0000,0.0000,74.2321,16.2357
88297,H D F C BANK LTD.,2001-03-31,3,90.0634,77.8241,,5.0085,,,67.7191,14.0582,,,,0.0000,0.0000,75.1905,18.0641
88297,H D F C BANK LTD.,2001-06-30,3,96.8992,82.59,,5.3123,,,71.9697,13.1924,,,,0.0000,0.0000,74.2727,15.9733
88297,H D F C BANK LTD.,2001-09-30,3,102.7746,86.7208,,5.8179,,,79.0832,14.5532,,,,0.0000,0.0000,76.9482,16.7816
88297,H D F C BANK LTD.,2001-12-31,3,109.5663,91.7229,,6.0493,,,80.9305,15.7441,,,,0.0000,0.0000,73.8644,17.1649
88297,H D F C BANK LTD.,2002-03-31,3,116.1319,94.796,,5.6546,,,81.2874,18.5148,,,,0.0000,0.0000,69.9958,19.5312
88297,H D F C BANK LTD.,2002-06-30,3,114.4619,97.8547,,6.4616,,,82.8485,16.8299,,,,0.0000,0.0000,72.3808,17.1988
88297,H D F C BANK LTD.,2002-09-30,3,125.3633,99.0141,,6.8866,,,87.7015,18.5151,,,,0.0000,0.0000,69.9578,18.6994
88297,H D F C BANK LTD.,2002-12-31,3,133.1118,104.0548,,8.0432,,,93.9115,20.5401,,,,0.0000,0.0000,70.5509,19.7397
88297,H D F C BANK LTD.,2003-03-31,3,141.6529,116.0406,,10.1236,,,100.7953,24.4789,,,,0.0000,0.0000,71.1566,21.0951
88297,H D F C BANK LTD.,2003-06-30,3,151.8465,123.5458,,11.0364,,,97.8719,22.9677,,,,0.0000,0.0000,64.4545,18.5905
88297,H D F C BANK LTD.,2003-09-30,3,158.4497,139.6364,,10.2529,,,102.0774,25.5482,,,,0.0000,0.0000,64.4226,18.2963
88297,H D F C BANK LTD.,2003-12-31,3,171.6307,145.0706,,13.0443,,,106.8547,28.5934,,,,0.0000,0.0000,62.2585,19.7100
88297,H D F C BANK LTD.,2004-03-31,3,179.1211,147.9114,,10.2322,,,115.0,34.3709,,,,0.0000,0.0000,64.2024,23.2375
88297,H D F C BANK LTD.,2004-06-30,3,178.0894,154.3527,,12.4835,,,112.2157,30.7519,,,,0.0000,0.0000,63.0109,19.9231
88297,H D F C BANK LTD.,2004-09-30,3,188.1683,161.5468,,13.7576,,,118.0938,33.0361,,,,0.0000,0.0000,62.7597,20.4498
88297,H D F C BANK LTD.,2004-12-31,3,222.7242,177.1312,,16.4846,,,133.6618,38.865,,,,0.0000,0.0000,60.0123,21.9414
88297,H D F C BANK LTD.,2005-03-31,3,248.8602,198.4916,,19.2103,,,149.1188,46.3195,,,,0.0000,0.0000,59.9207,23.3358
88297,H D F C BANK LTD.,2005-06-30,3,265.6088,205.142,,25.031,,,145.4186,42.1077,,,,0.0000,0.0000,54.7492,20.5261
88297,H D F C BANK LTD.,2005-09-30,3,292.1567,232.9193,,26.2225,,,159.5733,45.459,,,,0.0000,0.0000,54.6191,19.5171
88297,H D F C BANK LTD.,2005-12-31,3,323.3484,258.4724,,27.385,,,181.7638,49.1615,,,,0.0000,0.0000,56.213,19.0200
88297,H D F C BANK LTD.,2006-03-31,3,378.2775,309.9013,,30.9249,,12.0971,241.1183,59.1724,,,,0.0000,0.0000,63.7411,19.0939
88297,H D F C BANK LTD.,2006-06-30,3,389.7928,326.6255,,36.1216,,,225.4866,51.959,,,,0.0000,0.0000,57.8478,15.9078
88297,H D F C BANK LTD.,2006-09-30,3,428.384,342.1522,,39.3161,,,249.0254,57.0109,,,,0.0000,0.0000,58.1313,16.6624
88297,H D F C BANK LTD.,2006-12-31,3,464.2664,380.6316,,47.9091,,,282.5617,66.2358,,,,0.0000,0.0000,60.862,17.4015
88297,H D F C BANK LTD.,2007-03-31,3,527.1877,437.5964,,48.9103,,,311.1787,78.0389,,,,0.0000,0.0000,59.0262,17.8335
88297,H D F C BANK LTD.,2007-06-30,3,647.9217,507.4966,,69.6264,,,382.6655,78.7871,,,,0.0000,0.0000,59.0605,15.5247
88297,H D F C BANK LTD.,2007-09-30,3,705.29,585.7115,,79.0878,,,430.6817,91.3436,,,,0.0000,0.0000,61.0645,15.5953
88297,H D F C BANK LTD.,2007-12-31,3,863.537,691.4047,,89.4599,,,489.9949,108.8641,,,,0.0000,0.0000,56.7428,15.7454
88297,H D F C BANK LTD.,2008-03-31,3,868.634,732.5128,,85.6363,,,480.1285,116.7365,,,,0.0000,0.0000,55.274,15.9364
88297,H D F C BANK LTD.,2008-06-30,3,984.3881,845.8034,,126.2447,,,602.8258,108.4423,,,,0.0000,0.0000,61.2386,12.8212
88297,H D F C BANK LTD.,2008-09-30,3,1017.1012,875.9569,,134.2354,,,636.8142,115.8766,,,,0.0000,0.0000,62.6107,13.2286
88297,H D F C BANK LTD.,2008-12-31,3,1111.7761,918.6524,,119.6787,,,702.1806,127.8198,,,,0.0000,0.0000,63.1585,13.9138
88297,H D F C BANK LTD.,2009-03-31,3,1047.3067,829.7281,,98.3475,,,646.4643,123.1427,,,,0.0000,0.0000,61.7264,14.8413
88297,H D F C BANK LTD.,2009-06-30,3,1075.2277,856.7703,,117.0814,,,648.3393,126.8713,,,,0.0000,0.0000,60.2979,14.8081
88297,H D F C BANK LTD.,2009-09-30,3,1041.6071,824.1083,,114.3895,,,626.5605,141.9231,,,,0.0000,0.0000,60.1532,17.2214
88297,H D F C BANK LTD.,2009-12-31,3,1058.0935,865.282,,124.0811,,,640.549,175.5308,,,,0.0000,0.0000,60.538,20.2860
88297,H D F C BANK LTD.,2010-03-31,3,1099.8,890.8326,,131.2497,,,649.745,183.8806,,,,0.0000,0.0000,59.0785,20.6414
88297,H D F C BANK LTD.,2010-06-30,3,1161.9517,949.1587,,143.2572,,,689.9462,174.3195,,,,0.0000,0.0000,59.3782,18.3657
88297,H D F C BANK LTD.,2010-09-30,3,1254.3582,1045.5318,,154.4543,,,790.4193,198.2689,,,,0.0000,0.0000,63.0138,18.9634
88297,H D F C BANK LTD.,2010-12-31,3,1407.8624,1158.1187,,160.5546,,,899.0635,240.8883,,,,0.0000,0.0000,63.8602,20.8000
88297,H D F C BANK LTD.,2011-03-31,3,1494.6399,1215.517,,163.0047,,,954.5783,247.7711,,,,0.0000,0.0000,63.8668,20.3840
88297,H D F C BANK LTD.,2011-06-30,3,1582.5452,1332.8272,,174.1268,,,1052.29,241.9033,,,,0.0000,0.0000,66.4935,18.1496
88297,H D F C BANK LTD.,2011-09-30,3,1664.4899,1410.141,,172.7804,,,1161.443,251.7607,,,,0.0000,0.0000,69.7777,17.8536
88297,H D F C BANK LTD.,2011-12-31,3,1637.1811,1367.5656,,164.6971,,,1164.9363,271.4496,,,,0.0000,0.0000,71.155,19.8491
88297,H D F C BANK LTD.,2012-03-31,3,1826.1888,1502.5038,,184.4882,,,1215.0786,288.7507,,,,0.0000,0.0000,66.5363,19.2180
88297,H D F C BANK LTD.,2012-06-30,3,1753.5552,1459.1719,,177.2604,,,1180.9745,252.9698,,,,0.0000,0.0000,67.3474,17.3365
88297,H D F C BANK LTD.,2012-09-30,3,1858.1634,1588.6261,,176.3421,,,1294.987,285.6803,,,,0.0000,0.0000,69.6918,17.9829
88297,H D F C BANK LTD.,2012-12-31,3,1979.566,1626.8184,,183.7051,,,1395.2973,340.1837,,,,0.0000,0.0000,70.485,20.9110
88297,H D F C BANK LTD.,2013-03-31,3,2045.3458,1713.8217,,184.789,,,1413.6464,347.3702,,,,0.0000,0.0000,69.1153,20.2687
88297,H D F C BANK LTD.,2013-06-30,3,1984.4716,1654.7241,,189.9233,,,1373.9336,315.75,,,,0.0000,0.0000,69.2342,19.0817
88297,H D F C BANK LTD.,2013-09-30,3,1872.5171,1583.2169,,162.4558,,,1351.728,310.9419,,,,0.0000,0.0000,72.1878,19.6399
88297,H D F C BANK LTD.,2013-12-31,3,2057.6463,1710.6491,,157.158,,,1527.216,375.6564,,,,0.0000,0.0000,74.2215,21.9599
88297,H D F C BANK LTD.,2014-03-31,3,2096.2369,1768.2106,,173.9339,,,1529.0147,381.3092,,,,0.0000,0.0000,72.9409,21.5647
88297,H D F C BANK LTD.,2014-06-30,3,2188.2633,1878.4444,,188.5011,,,1575.3139,373.8513,,,,0.0000,0.0000,71.9892,19.9022
92590,HERO MOTOCORP LTD.,1997-06-30,3,72.4728,71.9337,,,,1.5502,8.6503,4.5472,,,,0.0000,0.0000,11.9359,6.3213
92590,HERO MOTOCORP LTD.,1997-09-30,3,77.012,76.4351,,,,0.8956,9.4891,5.4589,,,,0.0000,0.0000,12.3216,7.1418
92590,HERO MOTOCORP LTD.,1997-12-31,3,76.502,75.7934,,,,1.1256,8.4931,4.7607,,,,0.0000,0.0000,11.1018,6.2812
92590,HERO MOTOCORP LTD.,1998-03-31,3,80.3517,79.3312,,,,1.413,9.5033,5.5303,,,,0.0000,0.0000,11.8272,6.9712
92590,HERO MOTOCORP LTD.,1998-06-30,3,76.7199,75.8688,,,,1.4273,9.5666,5.4317,,,,0.0000,0.0000,12.4695,7.1594
92590,HERO MOTOCORP LTD.,1998-09-30,3,90.9525,89.8188,,,,1.2983,11.3838,7.009,,,,0.0000,0.0000,12.5162,7.8035
92590,HERO MOTOCORP LTD.,1998-12-31,3,96.4815,95.6518,,,,0.8014,11.7864,7.9344,,,,0.0000,0.0000,12.2162,8.2950
92590,HERO MOTOCORP LTD.,1999-03-31,3,90.4885,88.3823,,,,1.7598,14.9267,8.2172,,,,0.0000,0.0000,16.4957,9.2974
92590,HERO MOTOCORP LTD.,1999-06-30,3,108.4676,107.3479,75.7975,4.2052,,1.785,15.5388,8.765,,,,70.6092,0.0000,14.3257,8.1651
92590,HERO MOTOCORP LTD.,1999-09-30,3,119.015,118.4568,84.4283,4.3989,,1.7687,16.4722,9.9945,,,,71.2734,0.0000,13.8404,8.4372
92590,HERO MOTOCORP LTD.,1999-12-31,3,135.9887,135.4529,91.3797,4.9765,,1.6696,18.1674,11.158,,,,67.4624,0.0000,13.3595,8.2376
92590,HERO MOTOCORP LTD.,2000-03-31,3,136.4829,133.8836,91.6363,7.0867,,2.7553,24.4376,14.2813,,,,68.4448,0.0000,17.9052,10.6669
92590,HERO MOTOCORP LTD.,2000-06-30,3,164.6752,162.9545,119.3484,6.1064,,2.1302,22.8368,13.4926,,,,73.2403,0.0000,13.8678,8.2800
92590,HERO MOTOCORP LTD.,2000-09-30,3,162.5444,161.1192,116.8515,5.96,,2.5126,22.1033,13.1339,,,,72.5249,0.0000,13.5983,8.1516
92590,HERO MOTOCORP LTD.,2000-12-31,3,182.0066,181.6494,129.2328,6.8363,,2.4021,25.4179,15.0116,,,,71.1441,0.0000,13.9654,8.2641
92590,HERO MOTOCORP LTD.,2001-03-31,3,184.4275,183.1962,131.1826,6.7267,,2.5718,21.6686,12.0376,,,,71.6077,0.0000,11.7491,6.5709
92590,HERO MOTOCORP LTD.,2001-06-30,3,203.1593,202.5317,140.5674,8.0226,,3.004,28.993,16.7665,,,,69.4051,0.0000,14.2711,8.2784
92590,HERO MOTOCORP LTD.,2001-09-30,3,221.5338,217.9553,151.7294,9.1193,,2.3213,34.2421,20.6397,,,,69.6149,0.0000,15.4568,9.4697
92590,HERO MOTOCORP LTD.,2001-12-31,3,259.748,254.4666,174.6879,9.1356,,2.6647,44.9517,27.4985,,,,68.6487,0.0000,17.3059,10.9244
92590,HERO MOTOCORP LTD.,2002-03-31,3,263.8953,257.5945,178.8779,9.0276,,2.6796,47.4667,31.3012,,,,69.4417,0.0000,17.987,12.1513
92590,HERO MOTOCORP LTD.,2002-06-30,3,263.6598,260.2534,176.5677,9.9987,,2.7549,46.5727,28.4194,,,,67.8445,0.0000,17.6639,10.9199
92590,HERO MOTOCORP LTD.,2002-09-30,3,259.8572,255.132,182.4878,10.3878,,2.8426,47.003,28.8678,,,,71.5268,0.0000,18.088,11.3148
92590,HERO MOTOCORP LTD.,2002-12-31,3,290.3656,285.8413,194.759,10.8122,,2.9871,51.8986,31.7408,,,,68.1354,0.0000,17.8735,11.1043
92590,HERO MOTOCORP LTD.,2003-03-31,3,262.1812,255.1159,169.1166,10.5581,,3.7132,50.257,31.0866,,,,66.2901,0.0000,19.1688,12.2560
92590,HERO MOTOCORP LTD.,2003-06-30,3,291.1409,283.3972,191.9759,11.3361,,3.8408,54.0281,33.7879,,,,67.7409,0.0000,18.5574,11.9225
92590,HERO MOTOCORP LTD.,2003-09-30,3,284.0165,275.0243,196.4973,11.9388,,3.7208,54.3658,34.1436,,,,71.4473,0.0000,19.1418,12.4148
92590,HERO MOTOCORP LTD.,2003-12-31,3,356.6589,346.8697,232.6144,13.3053,,4.2574,68.9216,44.4497,,,,67.0610,0.0000,19.3242,12.8145
92590,HERO MOTOCORP LTD.,2004-03-31,3,383.114,373.2595,255.6626,14.0332,,4.2031,73.2959,46.9401,,,,68.4946,0.0000,19.1316,12.5757
92590,HERO MOTOCORP LTD.,2004-06-30,3,383.4616,378.3908,264.1121,14.0369,,4.4973,67.7807,41.759,,,,69.7988,0.0000,17.676,11.0360
92590,HERO MOTOCORP LTD.,2004-09-30,3,390.1441,381.1784,268.4189,13.7164,,4.5165,68.608,42.1623,,,,70.4182,0.0000,17.5853,11.0610
92590,HERO MOTOCORP LTD.,2004-12-31,3,464.6138,455.1755,319.6287,15.4432,,4.9431,80.1334,49.779,,,,70.2210,0.0000,17.2473,10.9362
92590,HERO MOTOCORP LTD.,2005-03-31,3,452.3987,444.1131,313.4218,16.6926,,6.0311,75.3994,47.4044,,,,70.5725,0.0000,16.6666,10.6740
92590,HERO MOTOCORP LTD.,2005-06-30,3,460.6834,453.6008,323.0655,16.2897,,5.7404,74.1387,46.9074,,,,71.2224,0.0000,16.0932,10.3411
92590,HERO MOTOCORP LTD.,2005-09-30,3,503.271,493.2702,349.3266,18.5443,,6.0774,85.954,54.1755,,,,70.8185,0.0000,17.0791,10.9829
92590,HERO MOTOCORP LTD.,2005-12-31,3,515.249,507.119,349.2787,18.8474,,7.1069,90.9531,57.3507,,,,68.8751,0.0000,17.6523,11.3091
92590,HERO MOTOCORP LTD.,2006-03-31,3,517.7027,507.1456,344.1265,18.4659,,6.85,92.206,60.0671,,,,67.8556,0.0000,17.8106,11.8442
92590,HERO MOTOCORP LTD.,2006-06-30,3,525.4443,513.3741,374.1746,18.8512,,7.0111,81.3258,51.6203,,,,72.8854,0.0000,15.4775,10.0551
92590,HERO MOTOCORP LTD.,2006-09-30,3,497.8036,483.5021,361.15,18.3864,,7.4586,75.7703,46.8268,,,,74.6946,0.0000,15.2209,9.6849
92590,HERO MOTOCORP LTD.,2006-12-31,3,606.0648,597.307,418.9114,20.5536,,8.4195,76.4005,46.8651,,,,70.1333,0.0000,12.606,7.8461
92590,HERO MOTOCORP LTD.,2007-03-31,3,611.4138,599.5571,435.5976,20.5449,,8.0658,72.8805,44.2925,,,,72.6532,0.0000,11.92,7.3875
92590,HERO MOTOCORP LTD.,2007-06-30,3,612.1495,600.4111,440.7864,23.7001,,9.222,76.3614,46.5615,,,,73.4141,0.0000,12.4743,7.7549
92590,HERO MOTOCORP LTD.,2007-09-30,3,595.3,585.3718,445.8577,21.5741,,9.529,84.4819,50.652,,,,76.1666,0.0000,14.1915,8.6530
92590,HERO MOTOCORP LTD.,2007-12-31,3,710.9102,697.3124,465.9584,25.6034,,10.3448,112.4138,69.7287,,,,66.8220,0.0000,15.8127,9.9996
92590,HERO MOTOCORP LTD.,2008-03-31,3,706.6757,693.7857,490.5604,24.4842,,10.7739,117.7252,74.015,,,,70.7078,0.0000,16.659,10.6683
92590,HERO MOTOCORP LTD.,2008-06-30,3,676.1373,665.8197,481.4619,24.262,,9.8552,91.7165,63.7249,,,,72.3112,0.0000,13.5648,9.5709
92590,HERO MOTOCORP LTD.,2008-09-30,3,716.4143,702.7588,527.063,24.2011,,10.2362,109.1015,67.2241,,,,74.9991,0.0000,15.2288,9.5657
92590,HERO MOTOCORP LTD.,2008-12-31,3,603.1014,592.3432,400.7163,23.7511,,9.7591,96.4868,61.7616,,,,67.6493,0.0000,15.9984,10.4267
92590,HERO MOTOCORP LTD.,2009-03-31,3,680.1037,669.5887,458.2972,23.22,,8.6568,117.691,78.5004,,,,68.4446,0.0000,17.3049,11.7237
92590,HERO MOTOCORP LTD.,2009-06-30,3,811.557,801.5222,539.4737,28.9972,,9.5408,146.1184,104.6833,,,,67.3061,0.0000,18.0047,13.0606
92590,HERO MOTOCORP LTD.,2009-09-30,3,855.5954,840.1512,571.5654,28.6319,,10.3925,169.0749,123.277,79.143,35.9608,,68.0313,0.0000,19.7611,14.6732
92590,HERO MOTOCORP LTD.,2009-12-31,3,836.1505,823.3819,558.6833,29.4081,,10.0558,154.5057,114.8981,,,,67.8523,0.0000,18.4782,13.9544
92590,HERO MOTOCORP LTD.,2010-03-31,3,922.2999,906.0442,610.8862,32.0827,,10.695,172.6889,131.6124,95.9163,23.823,,67.4234,0.0000,18.7237,14.5260
92590,HERO MOTOCORP LTD.,2010-06-30,3,934.7658,922.7222,662.4811,31.1417,,10.3684,141.4425,105.5933,,,,71.7964,0.0000,15.1313,11.4437
92590,HERO MOTOCORP LTD.,2010-09-30,3,1006.9231,989.4425,735.9472,32.5659,,13.205,149.6266,109.9006,146.9551,35.7894,,74.3800,0.0000,14.8598,11.1073
92590,HERO MOTOCORP LTD.,2010-12-31,3,1157.8862,1142.9944,828.0701,34.5622,,12.3917,124.8896,112.6772,,,,72.4474,0.0000,10.786,8.3113
92590,HERO MOTOCORP LTD.,2011-03-31,3,1216.1282,1198.264,872.4547,37.3509,,52.7656,202.2939,111.4949,116.6783,29.0268,460.8409,72.8099,0.0000,16.6343,9.3047
92590,HERO MOTOCORP LTD.,2011-06-30,3,1287.6875,1266.7786,945.6544,36.6808,,53.4627,205.5436,124.3852,,,,74.6503,0.0000,15.9622,9.8190
92590,HERO MOTOCORP LTD.,2011-09-30,3,1241.626,1222.9919,895.0681,37.6523,,58.459,211.1443,126.7084,123.226,80.013,,73.1868,0.0000,17.0055,10.3605
92590,HERO MOTOCORP LTD.,2011-12-31,3,1161.7693,1146.048,845.5749,37.8449,,56.7047,194.7991,116.396,,,,73.7818,0.0000,16.7674,10.1563
92590,HERO MOTOCORP LTD.,2012-03-31,3,1220.0982,1199.2389,875.6573,38.2151,,55.722,204.7215,119.9432,134.2468,54.1124,455.6902,73.0177,0.0000,16.7791,10.0016
92590,HERO MOTOCORP LTD.,2012-06-30,3,1133.6266,1114.9884,833.0858,36.5197,,54.1638,185.8451,109.8447,,,,74.7170,0.0000,16.3939,9.8516
92590,HERO MOTOCORP LTD.,2012-09-30,3,968.1755,949.9833,710.5417,35.1904,,53.0182,149.898,80.6837,160.9591,142.5087,355.6161,74.7952,0.0000,15.4825,8.4932
92590,HERO MOTOCORP LTD.,2012-12-31,3,1148.7347,1132.2476,805.4255,36.2751,,51.8271,158.9691,89.277,,,,71.1351,0.0000,13.8386,7.8849
92590,HERO MOTOCORP LTD.,2013-03-31,3,1148.8562,1129.6462,811.6175,41.5225,,48.8069,175.4074,105.5488,117.0424,122.2332,344.3374,71.8470,0.0000,15.268,9.3435
92590,HERO MOTOCORP LTD.,2013-06-30,3,1074.0048,1054.781,765.5104,37.9306,,46.9859,175.9498,93.941,,,,72.5753,0.0000,16.3826,8.9062
92590,HERO MOTOCORP LTD.,2013-09-30,3,916.3102,898.1994,645.3874,35.9188,,45.004,148.7261,75.5128,100.3214,136.5132,349.201,71.8535,0.0000,16.231,8.4071
92590,HERO MOTOCORP LTD.,2013-12-31,3,1126.2197,1110.7651,804.1747,39.3892,,44.1348,160.4983,84.7452,,,,72.3983,0.0000,14.2511,7.6294
92590,HERO MOTOCORP LTD.,2014-03-31,3,1087.6094,1067.4534,763.4461,38.6288,,44.7176,166.7076,90.8693,109.7371,150.8801,375.4204,71.5203,0.0000,15.3279,8.5127
92590,HERO MOTOCORP LTD.,2014-06-30,3,1196.9707,1178.0943,846.5178,44.8362,,48.8057,177.4548,94.2162,,,,71.8548,0.0000,14.8253,7.9973
93902,HINDALCO INDUSTRIES LTD.,1997-06-30,3,92.5357,84.3519,,,,5.0835,40.137,25.2497,,,,0.0000,0.0000,43.3746,29.9338
93902,HINDALCO INDUSTRIES LTD.,1997-09-30,3,117.5016,108.7927,,,,5.0001,53.4348,38.2972,,,,0.0000,0.0000,45.4758,35.2020
93902,HINDALCO INDUSTRIES LTD.,1997-12-31,3,99.9476,93.3731,,,,5.5768,50.7284,34.4585,,,,0.0000,0.0000,50.7551,36.9041
93902,HINDALCO INDUSTRIES LTD.,1998-03-31,3,114.2274,103.896,,,,4.9125,49.8083,33.349,,,,0.0000,0.0000,43.6045,32.0985
93902,HINDALCO INDUSTRIES LTD.,1998-06-30,3,106.1926,99.0561,,,,6.9467,50.7135,29.6362,,,,0.0000,0.0000,47.7562,29.9186
93902,HINDALCO INDUSTRIES LTD.,1998-09-30,3,113.6495,104.8059,,,,7.1031,57.3187,34.7628,,,,0.0000,0.0000,50.4346,33.1688
93902,HINDALCO INDUSTRIES LTD.,1998-12-31,3,110.5781,101.7413,,,,7.0742,55.9824,35.4414,,,,0.0000,0.0000,50.627,34.8348
93902,HINDALCO INDUSTRIES LTD.,1999-03-31,3,120.1251,110.8902,,,,8.2455,53.2895,33.7359,,,,0.0000,0.0000,44.3616,30.4228
93902,HINDALCO INDUSTRIES LTD.,1999-06-30,3,117.7867,110.9017,22.4863,7.1632,,7.6964,56.4013,31.9677,,,,20.2759,0.0000,47.8843,28.8253
93902,HINDALCO INDUSTRIES LTD.,1999-09-30,3,126.0624,118.4591,23.0165,8.7748,,7.6951,62.0664,37.0515,,,,19.4299,0.0000,49.2347,31.2779
93902,HINDALCO INDUSTRIES LTD.,1999-12-31,3,123.4233,115.4894,22.5368,7.313,,7.9799,60.3893,35.116,,,,19.5141,0.0000,48.9286,30.4062
93902,HINDALCO INDUSTRIES LTD.,2000-03-31,3,132.2135,122.7156,21.4964,9.1538,,7.8002,64.214,42.0523,,,,17.5173,0.0000,48.5685,30.0056
93902,HINDALCO INDUSTRIES LTD.,2000-06-30,3,133.3378,126.4684,24.3002,8.1672,,7.8987,67.1724,39.3368,,,,19.2144,0.0000,50.3776,31.1040
93902,HINDALCO INDUSTRIES LTD.,2000-09-30,3,127.1982,120.0288,22.8813,8.0847,,7.7143,64.8521,36.5665,,,,19.0632,0.0000,50.9851,30.4648
93902,HINDALCO INDUSTRIES LTD.,2000-12-31,3,128.4264,120.0201,24.342,8.3635,,7.6363,63.6357,35.3151,,,,20.2816,0.0000,49.5503,29.4243
93902,HINDALCO INDUSTRIES LTD.,2001-03-31,3,134.4687,128.3341,21.793,8.4941,,7.7219,62.0113,33.6547,,,,16.9814,0.0000,46.1158,26.2243
93902,HINDALCO INDUSTRIES LTD.,2001-06-30,3,123.7328,116.7973,23.2531,8.1694,,7.8716,58.1859,36.6348,,,,19.9089,0.0000,47.0254,29.3443
93902,HINDALCO INDUSTRIES LTD.,2001-09-30,3,126.1596,116.9668,23.2129,8.4582,,7.8705,62.3767,35.0711,,,,19.8457,0.0000,49.4427,29.9839
93902,HINDALCO INDUSTRIES LTD.,2001-12-31,3,131.8167,120.486,27.3566,8.5972,,8.2007,61.9123,34.5349,,,,22.7052,0.0000,46.9685,28.6630
93902,HINDALCO INDUSTRIES LTD.,2002-03-31,3,149.3453,132.8904,25.5645,9.7047,,8.33,66.9684,39.4342,,,,19.2373,0.0000,44.8413,29.6742
93902,HINDALCO INDUSTRIES LTD.,2002-06-30,3,253.6428,244.6366,122.3694,10.6808,,12.9272,79.9322,40.1907,,,,50.0209,0.0000,31.5137,16.4288
93902,HINDALCO INDUSTRIES LTD.,2002-09-30,3,261.2011,248.9389,117.2546,11.4158,,12.8608,77.7637,39.9037,,,,47.1017,0.0000,29.7716,16.0295
93902,HINDALCO INDUSTRIES LTD.,2002-12-31,3,272.0191,259.9501,112.6091,11.5289,,13.9593,74.8234,36.8509,,,,43.3195,0.0000,27.5067,14.1761
93902,HINDALCO INDUSTRIES LTD.,2003-03-31,3,294.9974,279.5066,129.2581,12.5522,,15.008,39.5037,35.1587,,,,46.2451,0.0000,13.3912,1.4719
93902,HINDALCO INDUSTRIES LTD.,2003-06-30,3,263.5038,248.3033,110.514,12.5244,,15.3504,86.3003,41.3197,,,,44.5077,0.0000,32.7511,16.6408
93902,HINDALCO INDUSTRIES LTD.,2003-09-30,3,340.4761,322.9845,172.9752,12.8025,,16.9682,99.2137,49.6614,,,,53.5553,0.0000,29.1397,15.3758
93902,HINDALCO INDUSTRIES LTD.,2003-12-31,3,374.4388,364.7219,203.352,13.3141,,17.657,91.2024,42.991,,,,55.7554,0.0000,24.3571,11.7873
93902,HINDALCO INDUSTRIES LTD.,2004-03-31,3,434.8126,419.7286,212.9744,13.6622,,19.4158,103.6104,49.3615,,,,50.7410,0.0000,23.8287,11.7603
93902,HINDALCO INDUSTRIES LTD.,2004-06-30,3,464.2553,452.9406,230.8644,22.937,,23.2227,112.598,51.7621,,,,50.9701,0.0000,24.2535,11.4280
93902,HINDALCO INDUSTRIES LTD.,2004-09-30,3,555.8581,532.7551,273.3301,22.5389,,23.5368,140.3745,64.6447,,,,51.3050,0.0000,25.2537,12.1340
93902,HINDALCO INDUSTRIES LTD.,2004-12-31,3,574.5969,566.184,261.5711,23.8288,,24.8975,150.2715,83.4917,,,,46.1989,0.0000,26.1525,13.9472
93902,HINDALCO INDUSTRIES LTD.,2005-03-31,3,592.9503,575.7839,269.7185,22.6596,,31.9524,158.938,104.7379,,,,46.8437,0.0000,26.8046,17.8287
93902,HINDALCO INDUSTRIES LTD.,2005-06-30,3,514.0653,506.3794,260.933,25.0081,,26.8206,146.3776,87.0006,,,,51.5292,0.0000,28.4745,17.1809
93902,HINDALCO INDUSTRIES LTD.,2005-09-30,3,626.6665,605.5355,342.0127,26.3682,,29.2601,132.2054,71.4538,,,,56.4810,0.0000,21.0966,11.8001
93902,HINDALCO INDUSTRIES LTD.,2005-12-31,3,639.7126,629.5692,351.6447,25.2818,,28.7871,137.8668,65.1981,,,,55.8548,0.0000,21.5514,10.4604
93902,HINDALCO INDUSTRIES LTD.,2006-03-31,3,838.9255,822.2221,530.3281,27.6517,108.0664,32.4402,225.7323,155.4115,,,,64.4994,13.1432,26.9073,17.1242
93902,HINDALCO INDUSTRIES LTD.,2006-06-30,3,944.7949,927.9456,744.9707,24.9482,103.0713,29.117,219.5178,130.6033,,,,80.2817,11.1075,23.2344,14.0745
93902,HINDALCO INDUSTRIES LTD.,2006-09-30,3,1028.8155,1004.7917,723.0763,28.4469,107.2397,45.0988,237.896,129.5722,,,,71.9628,10.6728,23.1233,12.8954
93902,HINDALCO INDUSTRIES LTD.,2006-12-31,3,1056.2681,1043.1841,446.7172,28.4533,100.7293,31.0074,247.2751,144.2606,,,,42.8225,9.6559,23.4103,13.8289
93902,HINDALCO INDUSTRIES LTD.,2007-03-31,3,1106.6768,1078.6703,534.2131,33.2762,97.6025,35.7974,266.4819,163.8369,,,,49.5252,9.0484,24.0795,15.1888
93902,HINDALCO INDUSTRIES LTD.,2007-06-30,3,1179.6752,1149.11,766.5745,32.7799,103.927,35.2571,246.6699,146.8217,,,,66.7103,9.0441,20.91,12.7770
93902,HINDALCO INDUSTRIES LTD.,2007-09-30,3,1258.4705,1231.2667,703.9638,39.0853,113.416,36.061,255.8627,159.2885,,,,57.1739,9.2113,20.3312,12.9370
93902,HINDALCO INDUSTRIES LTD.,2007-12-31,3,1179.7896,1150.7936,688.8895,36.9701,124.8834,37.2743,232.0639,137.5938,,,,59.8621,10.8519,19.6699,11.9564
93902,HINDALCO INDUSTRIES LTD.,2008-03-31,3,1411.1907,1241.4791,857.8253,45.6182,133.0634,37.565,367.1262,132.89,,,,69.0970,10.7181,26.0153,21.4961
93902,HINDALCO INDUSTRIES LTD.,2008-06-30,3,1135.4951,1085.3643,681.483,43.468,111.2891,36.6184,271.7655,162.7184,,,,62.7884,10.2536,23.9337,14.9920
93902,HINDALCO INDUSTRIES LTD.,2008-09-30,3,1286.0921,1247.2961,757.2996,45.3648,115.4881,34.9289,256.819,158.0085,,,,60.7153,9.2591,19.9689,12.6681
93902,HINDALCO INDUSTRIES LTD.,2008-12-31,3,877.365,846.4266,309.9961,44.6261,100.2243,33.1217,191.1274,112.0022,,,,36.6241,11.8409,21.7843,13.2324
93902,HINDALCO INDUSTRIES LTD.,2009-03-31,3,784.1488,736.2175,501.1712,40.7327,79.5037,32.8333,109.2685,23.019,794.4589,,,68.0738,10.7989,13.9347,7.1256
93902,HINDALCO INDUSTRIES LTD.,2009-06-30,3,831.6413,815.7016,592.2413,43.3377,88.1156,34.607,174.3892,100.5911,,,,72.6051,10.8024,20.9693,12.3319
93902,HINDALCO INDUSTRIES LTD.,2009-09-30,3,1026.4994,1014.6721,819.0483,47.1295,107.8328,34.2411,137.5857,71.0276,1009.2632,276.8168,,80.7205,10.6273,13.4034,7.0001
93902,HINDALCO INDUSTRIES LTD.,2009-12-31,3,1150.1544,1139.5218,722.4812,46.766,109.4531,35.9447,170.9565,91.5934,,,,63.4021,9.6052,14.8638,8.0379
93902,HINDALCO INDUSTRIES LTD.,2010-03-31,3,1228.0694,1186.1269,688.3841,48.4791,106.4508,37.0148,225.5484,121.0493,1301.466,288.3358,,58.0363,8.9747,18.3661,12.3025
93902,HINDALCO INDUSTRIES LTD.,2010-06-30,3,1126.8756,1112.0596,628.6076,48.9343,109.5083,36.3131,193.5767,114.7655,,,,56.5264,9.8473,17.1782,10.3201
93902,HINDALCO INDUSTRIES LTD.,2010-09-30,3,1291.6018,1273.756,847.702,61.7908,124.8142,37.3371,169.6439,94.2959,1337.6444,358.0552,,66.5514,9.7989,13.1344,7.4030
93902,HINDALCO INDUSTRIES LTD.,2010-12-31,3,1336.435,1323.0135,975.5398,54.6335,121.9732,37.7886,177.2135,102.037,,,,73.7362,9.2193,13.2602,7.7049
93902,HINDALCO INDUSTRIES LTD.,2011-03-31,3,1548.8303,1521.7795,1071.53,62.579,130.3704,39.1136,226.6351,157.4523,1700.8835,282.0636,,70.4130,8.5670,14.6327,10.3466
93902,HINDALCO INDUSTRIES LTD.,2011-06-30,3,1384.4639,1344.6216,802.98,55.7525,141.6487,39.0954,232.9806,143.584,,,,59.7179,10.5345,16.8282,10.6784
93902,HINDALCO INDUSTRIES LTD.,2011-09-30,3,1355.389,1316.5549,970.4441,61.1984,158.0318,36.5482,177.4447,105.4861,1352.2676,253.3098,,73.7109,12.0034,13.0918,8.0123
93902,HINDALCO INDUSTRIES LTD.,2011-12-31,3,1279.4507,1262.0605,906.9314,57.7148,140.2133,33.1741,152.8416,85.5725,,,,71.8612,11.1099,11.9459,6.7804
93902,HINDALCO INDUSTRIES LTD.,2012-03-31,3,1551.4914,1519.5974,1003.102,53.2122,147.8529,32.9452,203.7418,127.1764,1538.6324,283.6576,925.9722,66.0110,9.7297,13.132,8.3691
93902,HINDALCO INDUSTRIES LTD.,2012-06-30,3,1129.6395,1075.8415,651.3689,51.7901,135.1651,30.4266,136.4537,52.6093,,,,60.5451,12.5637,12.0794,7.0467
93902,HINDALCO INDUSTRIES LTD.,2012-09-30,3,1152.9709,1128.7299,845.8442,57.3016,147.6931,31.6358,118.6101,65.722,1506.8491,277.4412,672.4029,74.9377,13.0849,10.2873,5.8226
93902,HINDALCO INDUSTRIES LTD.,2012-12-31,3,1315.6325,1257.4283,796.4025,56.4018,138.1288,34.4654,164.713,79.3281,,,,63.3358,10.9850,12.5197,6.3088
93902,HINDALCO INDUSTRIES LTD.,2013-03-31,3,1328.0151,1285.5166,830.1216,53.211,138.6584,31.7292,160.7302,88.6016,1415.8116,278.4785,559.5248,64.5749,10.7862,12.103,6.8923
93902,HINDALCO INDUSTRIES LTD.,2013-06-30,3,1072.9928,999.7106,512.6207,51.791,138.0569,31.3496,155.2139,46.4225,,,,51.2769,13.8097,14.4655,8.1209
93902,HINDALCO INDUSTRIES LTD.,2013-09-30,3,1032.8554,988.9635,790.9888,56.5958,138.3766,30.8006,128.5699,30.7613,1385.683,202.7118,679.9447,79.9816,13.9921,12.448,5.6641
93902,HINDALCO INDUSTRIES LTD.,2013-12-31,3,1207.7603,1174.7787,860.1283,53.6857,153.2281,32.2725,134.6577,53.9458,,,,73.2162,13.0431,11.1494,4.5920
93902,HINDALCO INDUSTRIES LTD.,2014-03-31,3,1424.8763,1382.4794,892.0903,57.4426,150.8818,40.0007,115.8439,97.9972,1461.0712,210.3861,718.4826,64.5283,10.9139,8.1301,2.9419
93902,HINDALCO INDUSTRIES LTD.,2014-06-30,3,1374.9111,1338.6985,860.4436,58.2866,190.3259,31.3172,161.5099,54.8294,1453.554,286.0874,698.0732,64.2746,14.2172,11.7469,4.0957
94080,HINDUSTAN UNILEVER LTD.,1995-12-31,12,,,,,,,,,,,,0,0,0.0,0
94080,HINDUSTAN UNILEVER LTD.,1997-09-30,3,539.208,526.0265,,,,3.1841,70.5394,42.8303,,,,0.0000,0.0000,13.082,8.1422
94080,HINDUSTAN UNILEVER LTD.,1997-12-31,3,534.4777,515.2607,,,,4.1135,65.2537,37.9095,,,,0.0000,0.0000,12.2089,7.3573
94080,HINDUSTAN UNILEVER LTD.,1998-03-31,3,611.8471,597.9732,,,,4.4111,66.0194,43.3892,,,,0.0000,0.0000,10.7902,7.2560
94080,HINDUSTAN UNILEVER LTD.,1998-06-30,3,597.6135,589.0569,,,,7.8477,68.5,43.0579,,,,0.0000,0.0000,11.4623,7.3096
94080,HINDUSTAN UNILEVER LTD.,1998-09-30,3,551.3692,539.1293,,,,7.0325,83.5977,52.537,,,,0.0000,0.0000,15.1618,9.7448
94080,HINDUSTAN UNILEVER LTD.,1998-12-31,3,574.7384,550.8084,,,,4.8485,76.1403,53.9095,,,,0.0000,0.0000,13.2478,9.7873
94080,HINDUSTAN UNILEVER LTD.,1999-03-31,3,591.7229,575.0505,,,,6.5611,73.3096,50.1397,,,,0.0000,0.0000,12.3892,8.7192
94080,HINDUSTAN UNILEVER LTD.,1999-06-30,3,651.0166,638.1438,391.5521,33.8269,,9.9056,82.4275,52.574,,,,61.3580,0.0000,12.6614,8.2386
94080,HINDUSTAN UNILEVER LTD.,1999-09-30,3,581.0929,563.1437,374.5946,36.0339,,7.1163,93.9105,65.512,,,,66.5185,0.0000,16.161,11.6333
94080,HINDUSTAN UNILEVER LTD.,1999-12-31,3,600.6094,574.269,734.4755,64.7012,,6.2551,106.592,79.3662,,,,127.8975,0.0000,17.7473,13.8204
94080,HINDUSTAN UNILEVER LTD.,2000-03-31,3,620.364,599.7141,357.2884,38.7165,,7.6901,87.2407,60.2474,,,,59.5764,0.0000,14.0628,10.0460
94080,HINDUSTAN UNILEVER LTD.,2000-06-30,3,661.6746,644.3624,399.0535,37.4035,,7.393,94.5716,64.1606,,,,61.9300,0.0000,14.2928,9.9572
94080,HINDUSTAN UNILEVER LTD.,2000-09-30,3,556.5125,536.4902,322.792,39.5389,,6.5157,97.5354,72.1654,,,,60.1674,0.0000,17.5262,13.4514
94080,HINDUSTAN UNILEVER LTD.,2000-12-31,3,584.7873,566.4324,328.7836,20.7463,,7.3753,119.5025,91.8878,,,,58.0446,0.0000,20.4352,16.2222
94080,HINDUSTAN UNILEVER LTD.,2001-03-31,3,593.5801,566.8129,347.8427,31.8658,,7.1192,99.3576,67.983,,,,61.3682,0.0000,16.7387,12.8488
94080,HINDUSTAN UNILEVER LTD.,2001-06-30,3,668.5126,623.6105,373.7238,30.5694,,6.9759,128.3537,73.7653,,,,59.9290,0.0000,19.1999,15.9178
94080,HINDUSTAN UNILEVER LTD.,2001-09-30,3,581.3898,553.0832,327.5448,32.0698,,8.242,113.6885,79.2616,,,,59.2216,0.0000,19.5546,15.1471
94080,HINDUSTAN UNILEVER LTD.,2001-12-31,3,578.3722,562.7157,281.4622,30.6014,,8.2237,122.6791,104.3307,,,,50.0185,0.0000,21.2111,16.1821
94080,HINDUSTAN UNILEVER LTD.,2002-03-31,3,523.4595,488.4467,267.9413,29.9121,,7.8827,116.5464,72.5942,,,,54.8558,0.0000,22.2646,18.0009
94080,HINDUSTAN UNILEVER LTD.,2002-06-30,3,561.7575,533.9222,269.5741,32.269,,6.4473,124.2686,80.2059,,,,50.4894,0.0000,22.1214,17.1104
94080,HINDUSTAN UNILEVER LTD.,2002-09-30,3,511.7606,488.7246,279.3859,31.153,,6.4696,117.0069,85.6144,,,,57.1663,0.0000,22.8636,17.4571
94080,HINDUSTAN UNILEVER LTD.,2002-12-31,3,571.0989,547.258,263.2073,29.9958,,6.8072,137.6527,112.7649,,,,48.0957,0.0000,24.1031,18.2414
94080,HINDUSTAN UNILEVER LTD.,2003-03-31,3,528.8249,479.355,276.5511,34.2058,,6.4566,111.6347,80.376,,,,57.6923,0.0000,21.11,16.7675
94080,HINDUSTAN UNILEVER LTD.,2003-06-30,3,599.3663,578.2547,300.0535,33.6937,,6.7417,129.626,96.5403,,,,51.8895,0.0000,21.6272,16.6951
94080,HINDUSTAN UNILEVER LTD.,2003-09-30,3,573.551,541.5361,294.8975,30.3181,,6.4579,135.8589,89.0176,,,,54.4558,0.0000,23.6873,17.8504
94080,HINDUSTAN UNILEVER LTD.,2003-12-31,3,599.2906,566.6657,289.1432,26.1631,,7.2229,151.6553,112.8822,,,,51.0254,0.0000,25.3058,19.1494
94080,HINDUSTAN UNILEVER LTD.,2004-03-31,3,542.1373,522.7925,302.4183,36.3192,,6.4645,97.5146,63.7968,,,,57.8467,0.0000,17.9871,12.5303
94080,HINDUSTAN UNILEVER LTD.,2004-06-30,3,580.4345,564.9982,291.597,37.6374,,6.2857,82.8809,56.332,,,,51.6103,0.0000,14.2791,9.5072
94080,HINDUSTAN UNILEVER LTD.,2004-09-30,3,548.541,520.8761,276.2804,32.6131,,6.5317,101.13,61.2758,,,,53.0415,0.0000,18.4362,13.5069
94080,HINDUSTAN UNILEVER LTD.,2004-12-31,3,612.1772,591.3612,317.1958,20.3954,,7.5215,110.6402,81.5227,,,,53.6383,0.0000,18.0732,12.8294
94080,HINDUSTAN UNILEVER LTD.,2005-03-31,3,599.1691,573.6736,356.5026,37.6196,,7.0954,79.2836,50.8057,,,,62.1438,0.0000,13.2323,9.9845
94080,HINDUSTAN UNILEVER LTD.,2005-06-30,3,668.9503,650.7426,345.6118,40.0129,,7.3028,93.2045,68.9374,,,,53.1104,0.0000,13.9329,9.9301
94080,HINDUSTAN UNILEVER LTD.,2005-09-30,3,641.4514,621.9849,349.5953,39.2586,,7.4004,97.8812,74.0838,,,,56.2064,0.0000,15.2593,11.9332
94080,HINDUSTAN UNILEVER LTD.,2005-12-31,3,685.3206,646.5588,327.2612,24.1908,,6.9273,139.2558,89.413,,,,50.6158,0.0000,20.3198,17.6488
94080,HINDUSTAN UNILEVER LTD.,2006-03-31,3,678.0938,629.0311,354.7825,35.1491,,7.6121,122.3621,67.1015,,,,56.4014,0.0000,18.045,15.8275
94080,HINDUSTAN UNILEVER LTD.,2006-06-30,3,687.4228,669.4597,356.7066,38.1171,,6.5247,107.9828,82.3485,,,,53.2828,0.0000,15.7083,12.3439
94080,HINDUSTAN UNILEVER LTD.,2006-09-30,3,715.6306,664.7753,368.1403,38.451,,6.9448,138.2082,83.0424,,,,55.3782,0.0000,19.3128,16.9843
94080,HINDUSTAN UNILEVER LTD.,2006-12-31,3,738.2384,707.0988,380.8444,29.9253,,7.6667,143.1673,107.3475,,,,53.8601,0.0000,19.3931,16.1966
94080,HINDUSTAN UNILEVER LTD.,2007-03-31,3,754.808,723.2899,418.721,40.5856,,7.4729,114.3133,73.6482,,,,57.8912,0.0000,15.1447,12.3383
94080,HINDUSTAN UNILEVER LTD.,2007-06-30,3,892.134,853.8724,443.7492,49.7303,,8.1649,159.0581,110.7871,,,,51.9690,0.0000,17.8289,14.1633
94080,HINDUSTAN UNILEVER LTD.,2007-09-30,3,861.0734,841.8468,467.3823,47.5706,,8.7481,136.7749,101.5766,,,,55.5187,0.0000,15.8842,12.0159
94080,HINDUSTAN UNILEVER LTD.,2007-12-31,3,1012.6749,960.8012,486.0903,49.3078,,9.3509,220.104,130.6618,,,,50.5922,0.0000,21.7349,16.6633
94080,HINDUSTAN UNILEVER LTD.,2008-03-31,3,958.9238,948.363,565.0189,52.9082,,8.9948,126.6779,93.7713,,,,59.5783,0.0000,13.2104,9.9535
94080,HINDUSTAN UNILEVER LTD.,2008-06-30,3,1016.0813,983.6385,513.8977,59.2971,,8.8557,171.4619,126.971,,,,52.2446,0.0000,16.8748,13.2523
94080,HINDUSTAN UNILEVER LTD.,2008-09-30,3,942.4809,902.2276,536.8515,50.3621,,8.6186,158.0941,95.0356,,,,59.5029,0.0000,16.7743,13.2966
94080,HINDUSTAN UNILEVER LTD.,2008-12-31,3,919.8777,899.1158,452.9634,45.4053,,8.3405,165.0162,117.1809,,,,50.3788,0.0000,17.9389,14.0790
94080,HINDUSTAN UNILEVER LTD.,2009-03-31,3,797.215,791.9546,414.6289,45.7433,,8.0517,97.7405,99.7099,,,,52.3551,0.0000,12.2602,9.7353
94080,HINDUSTAN UNILEVER LTD.,2009-06-30,3,951.3874,935.8349,436.3268,52.4139,,8.894,158.058,112.6166,,,,46.6243,0.0000,16.6134,12.1497
94080,HINDUSTAN UNILEVER LTD.,2009-09-30,3,901.2488,879.4791,441.7999,48.6778,,9.546,120.205,112.6182,399.8501,109.4327,,50.2343,0.0000,13.3376,10.0592
94080,HINDUSTAN UNILEVER LTD.,2009-12-31,3,1008.4431,984.0081,478.1278,45.4664,,9.6526,191.765,124.6601,,,,48.5898,0.0000,19.0159,14.1467
94080,HINDUSTAN UNILEVER LTD.,2010-03-31,3,1013.9545,962.7742,537.7313,52.332,,11.0532,180.6233,104.2661,479.1266,147.6109,,55.8523,0.0000,17.8138,13.2681
94080,HINDUSTAN UNILEVER LTD.,2010-06-30,3,1060.2154,1047.1948,501.5688,53.82,,11.4894,159.2565,110.537,,,,47.8964,0.0000,15.0211,10.9349
94080,HINDUSTAN UNILEVER LTD.,2010-09-30,3,1062.3473,1035.6807,540.4672,53.257,,12.0356,166.1008,118.6779,518.3131,136.5606,,52.1847,0.0000,15.6353,11.8816
94080,HINDUSTAN UNILEVER LTD.,2010-12-31,3,1167.335,1135.4766,591.7191,51.1613,,12.4737,192.2093,130.0801,,,,52.1120,0.0000,16.4657,12.4326
94080,HINDUSTAN UNILEVER LTD.,2011-03-31,3,1137.0475,1104.3466,635.5639,52.1455,,12.3651,173.3316,109.021,624.7613,209.6511,1113.382,57.5511,0.0000,15.244,11.4560
94080,HINDUSTAN UNILEVER LTD.,2011-06-30,3,1271.7795,1246.0726,644.235,63.8168,,12.5302,192.5497,126.7307,,,,51.7012,0.0000,15.1402,11.2216
94080,HINDUSTAN UNILEVER LTD.,2011-09-30,3,1204.595,1177.6441,642.6315,60.3105,,11.9861,199.8824,135.2897,527.0569,159.2787,,54.5692,0.0000,16.5933,12.2800
94080,HINDUSTAN UNILEVER LTD.,2011-12-31,3,1145.9816,1130.7768,589.9832,52.0472,,10.7884,197.1212,145.4765,,,,52.1750,0.0000,17.2011,12.6573
94080,HINDUSTAN UNILEVER LTD.,2012-03-31,3,1168.7439,1145.7783,565.4989,54.6728,,11.3407,185.9269,128.7403,500.0994,134.9264,918.6575,49.3550,0.0000,15.9083,11.9081
94080,HINDUSTAN UNILEVER LTD.,2012-06-30,3,1288.6757,1138.4562,588.9684,59.4075,,10.2856,322.2524,126.8374,,,,51.7340,0.0000,25.0065,20.8691
94080,HINDUSTAN UNILEVER LTD.,2012-09-30,3,1184.0061,1155.7032,645.8783,60.5229,,10.5648,206.4012,147.4825,498.1815,105.0017,1021.3659,55.8862,0.0000,17.4324,12.7863
94080,HINDUSTAN UNILEVER LTD.,2012-12-31,3,1246.7181,1217.7405,610.3845,62.7111,,10.8474,222.3682,160.7788,,,,50.1243,0.0000,17.8363,13.0936
94080,HINDUSTAN UNILEVER LTD.,2013-03-31,3,1209.8386,1188.4763,617.1251,57.4,,11.2896,199.8026,142.9651,464.4844,153.2014,949.8697,51.9257,0.0000,16.5148,12.1748
94080,HINDUSTAN UNILEVER LTD.,2013-06-30,3,1225.465,1166.0074,577.9571,58.5107,,11.3775,245.3601,145.3502,,,,49.5672,0.0000,20.0218,14.9691
94080,HINDUSTAN UNILEVER LTD.,2013-09-30,3,1110.8654,1081.1628,585.9101,57.7706,,10.0263,199.1668,138.0927,411.4578,106.569,901.746,54.1926,0.0000,17.929,13.2576
94080,HINDUSTAN UNILEVER LTD.,2013-12-31,3,1209.3287,1166.7445,571.6254,56.1651,,10.4054,239.9132,152.876,,,,48.9932,0.0000,19.8385,14.7066
94080,HINDUSTAN UNILEVER LTD.,2014-03-31,3,1198.2594,1162.7004,632.7564,61.994,,10.7795,212.1169,132.1172,450.3114,133.8103,949.6001,54.4213,0.0000,17.7021,12.2937
94080,HINDUSTAN UNILEVER LTD.,2014-06-30,3,1334.1816,1291.8549,670.3889,56.1972,,11.1701,262.6539,168.5314,,,,51.8935,0.0000,19.6865,13.6963
95632,HOUSING DEVELOPMENT FINANCE CORPN. LTD.,1995-03-31,12,246.9274,246.9274,,,,,,,,,,0.0000,0.0000,0.0,0.0000
95632,HOUSING DEVELOPMENT FINANCE CORPN. LTD.,1997-06-30,3,92.7005,92.6362,,,,2.7233,88.1058,15.337,,,,0.0000,0.0000,95.0435,16.5561
95632,HOUSING DEVELOPMENT FINANCE CORPN. LTD.,1997-09-30,3,97.2843,96.8145,,,,3.9973,93.1634,20.0525,,,,0.0000,0.0000,95.764,20.7123
95632,HOUSING DEVELOPMENT FINANCE CORPN. LTD.,1997-12-31,3,92.5007,91.897,,,,3.231,88.3898,17.9302,,,,0.0000,0.0000,95.5557,19.5112
95632,HOUSING DEVELOPMENT FINANCE CORPN. LTD.,1998-03-31,3,100.551,99.6723,,,,3.4514,97.401,24.1496,,,,0.0000,0.0000,96.8672,24.2290
95632,HOUSING DEVELOPMENT FINANCE CORPN. LTD.,1998-06-30,3,93.8805,93.7382,,,,3.1462,89.8831,15.5436,,,,0.0000,0.0000,95.7421,16.5819
95632,HOUSING DEVELOPMENT FINANCE CORPN. LTD.,1998-09-30,3,104.4201,104.2273,,,,2.8765,100.6851,19.3336,,,,0.0000,0.0000,96.4231,18.5494
95632,HOUSING DEVELOPMENT FINANCE CORPN. LTD.,1998-12-31,3,104.5663,104.4534,,,,2.8038,100.7683,18.1813,,,,0.0000,0.0000,96.3679,17.4062
95632,HOUSING DEVELOPMENT FINANCE CORPN. LTD.,1999-03-31,3,110.2258,109.2929,,,,2.9071,106.7651,25.627,,,,0.0000,0.0000,96.8603,23.4480
95632,HOUSING DEVELOPMENT FINANCE CORPN. LTD.,1999-06-30,3,104.1233,104.0515,,1.3909,,2.7818,99.684,17.5208,,,,0.0000,0.0000,95.7365,16.8386
95632,HOUSING DEVELOPMENT FINANCE CORPN. LTD.,1999-09-30,3,111.2946,111.1499,,1.3851,,2.7565,107.0726,22.3044,,,,0.0000,0.0000,96.2065,20.0670
95632,HOUSING DEVELOPMENT FINANCE CORPN. LTD.,1999-12-31,3,117.3476,117.1958,,1.412,,2.7596,112.992,21.8837,,,,0.0000,0.0000,96.2883,18.6727
95632,HOUSING DEVELOPMENT FINANCE CORPN. LTD.,2000-03-31,3,131.1375,130.8851,,2.1015,,1.739,127.1617,30.7351,,,,0.0000,0.0000,96.9682,23.4825
95632,HOUSING DEVELOPMENT FINANCE CORPN. LTD.,2000-06-30,3,123.667,123.5864,,2.0877,,2.4054,118.2788,21.4003,,,,0.0000,0.0000,95.643,17.3160
95632,HOUSING DEVELOPMENT FINANCE CORPN. LTD.,2000-09-30,3,128.5559,127.7648,,1.9634,,2.4494,123.328,26.4028,,,,0.0000,0.0000,95.9334,20.6652
95632,HOUSING DEVELOPMENT FINANCE CORPN. LTD.,2000-12-31,3,124.0265,124.0222,,1.9893,,2.9968,118.8522,21.2297,,,,0.0000,0.0000,95.8281,17.1177
95632,HOUSING DEVELOPMENT FINANCE CORPN. LTD.,2001-03-31,3,141.5493,141.2254,,1.4951,,2.0763,137.4417,33.8049,,,,0.0000,0.0000,97.0981,23.9368
95632,HOUSING DEVELOPMENT FINANCE CORPN. LTD.,2001-06-30,3,134.8743,134.6828,,2.2806,,1.9147,128.609,24.2658,,,,0.0000,0.0000,95.3547,18.0170
95632,HOUSING DEVELOPMENT FINANCE CORPN. LTD.,2001-09-30,3,141.3256,140.9331,,2.1849,,1.2362,135.4175,29.0664,,,,0.0000,0.0000,95.8195,20.6243
95632,HOUSING DEVELOPMENT FINANCE CORPN. LTD.,2001-12-31,3,139.0325,138.8113,,2.2328,,2.1097,133.0854,25.2511,,,,0.0000,0.0000,95.7225,18.1910
95632,HOUSING DEVELOPMENT FINANCE CORPN. LTD.,2002-03-31,3,149.0663,148.264,,1.8158,,1.4013,144.9525,42.3579,,,,0.0000,0.0000,97.2403,28.5693
95632,HOUSING DEVELOPMENT FINANCE CORPN. LTD.,2002-06-30,3,143.7391,143.543,,2.4343,,1.5317,137.0059,28.0396,,,,0.0000,0.0000,95.3157,19.5339
95632,HOUSING DEVELOPMENT FINANCE CORPN. LTD.,2002-09-30,3,153.7047,153.3434,,2.7291,,0.8629,146.6487,34.5055,,,,0.0000,0.0000,95.4094,22.5021
95632,HOUSING DEVELOPMENT FINANCE CORPN. LTD.,2002-12-31,3,152.6672,152.15,,2.7711,,1.7802,145.0727,30.4632,,,,0.0000,0.0000,95.0254,20.0218
95632,HOUSING DEVELOPMENT FINANCE CORPN. LTD.,2003-03-31,3,166.2997,165.649,,2.395,,1.144,160.9724,50.2066,,,,0.0000,0.0000,96.7965,30.3091
95632,HOUSING DEVELOPMENT FINANCE CORPN. LTD.,2003-06-30,3,155.7773,155.4047,,3.0337,,1.0705,147.5326,35.916,,,,0.0000,0.0000,94.7074,23.1113
95632,HOUSING DEVELOPMENT FINANCE CORPN. LTD.,2003-09-30,3,169.2152,168.7506,,3.326,,1.2039,159.4726,44.3267,,,,0.0000,0.0000,94.2425,26.2676
95632,HOUSING DEVELOPMENT FINANCE CORPN. LTD.,2003-12-31,3,163.8967,163.3747,,3.4064,,1.2941,153.8991,40.0979,,,,0.0000,0.0000,93.9001,24.5435
95632,HOUSING DEVELOPMENT FINANCE CORPN. LTD.,2004-03-31,3,183.7485,183.1198,,2.9346,,1.5906,178.2081,66.1938,,,,0.0000,0.0000,96.9848,36.1478
95632,HOUSING DEVELOPMENT FINANCE CORPN. LTD.,2004-06-30,3,167.6513,164.1998,,3.6449,,1.037,157.4988,44.9557,,,,0.0000,0.0000,93.9443,27.3787
95632,HOUSING DEVELOPMENT FINANCE CORPN. LTD.,2004-09-30,3,182.988,182.2765,,3.3581,,0.987,173.0028,53.8265,,,,0.0000,0.0000,94.5432,29.5301
95632,HOUSING DEVELOPMENT FINANCE CORPN. LTD.,2004-12-31,3,192.8154,192.5608,,4.0291,,0.9368,181.5013,53.6716,,,,0.0000,0.0000,94.1321,27.8726
95632,HOUSING DEVELOPMENT FINANCE CORPN. LTD.,2005-03-31,3,218.6885,217.9629,,3.4562,,1.2131,211.0964,79.604,,,,0.0000,0.0000,96.5283,36.5218
95632,HOUSING DEVELOPMENT FINANCE CORPN. LTD.,2005-06-30,3,214.4639,213.9568,,5.0567,,0.959,201.7281,56.7339,,,,0.0000,0.0000,94.0616,26.5165
95632,HOUSING DEVELOPMENT FINANCE CORPN. LTD.,2005-09-30,3,238.7371,237.9971,,4.8114,,1.093,226.5208,68.0792,,,,0.0000,0.0000,94.8829,28.6051
95632,HOUSING DEVELOPMENT FINANCE CORPN. LTD.,2005-12-31,3,231.1904,230.4652,,4.673,,1.1064,218.4509,62.3325,,,,0.0000,0.0000,94.4896,27.0464
95632,HOUSING DEVELOPMENT FINANCE CORPN. LTD.,2006-03-31,3,278.7426,277.8254,,3.5588,,1.0476,268.8599,95.8862,,,,0.0000,0.0000,96.4546,34.5131
95632,HOUSING DEVELOPMENT FINANCE CORPN. LTD.,2006-06-30,3,271.0925,259.3936,,4.8767,,0.8077,256.6165,64.4483,,,,0.0000,0.0000,94.6601,24.8458
95632,HOUSING DEVELOPMENT FINANCE CORPN. LTD.,2006-09-30,3,315.7412,279.0334,,5.0823,,0.8434,300.8586,79.7945,,,,0.0000,0.0000,95.2865,28.5967
95632,HOUSING DEVELOPMENT FINANCE CORPN. LTD.,2006-12-31,3,326.5927,310.4392,,5.3815,,1.053,312.832,79.6447,,,,0.0000,0.0000,95.7866,25.6555
95632,HOUSING DEVELOPMENT FINANCE CORPN. LTD.,2007-03-31,3,393.8104,367.4325,,4.8495,,1.1698,383.0348,124.939,,,,0.0000,0.0000,97.2638,34.0032
95632,HOUSING DEVELOPMENT FINANCE CORPN. LTD.,2007-06-30,3,448.9342,442.5989,,6.8724,,0.9075,430.1615,91.438,,,,0.0000,0.0000,95.8184,20.6593
95632,HOUSING DEVELOPMENT FINANCE CORPN. LTD.,2007-09-30,3,546.7898,468.1706,,7.9053,,0.9916,466.1601,160.2355,,,,0.0000,0.0000,85.254,21.3619
95632,HOUSING DEVELOPMENT FINANCE CORPN. LTD.,2007-12-31,3,576.9929,518.9985,,6.8103,,1.1182,558.2023,164.536,,,,0.0000,0.0000,96.7434,31.7026
95632,HOUSING DEVELOPMENT FINANCE CORPN. LTD.,2008-03-31,3,624.9966,572.3139,,7.6889,,1.1126,608.5483,140.2617,,,,0.0000,0.0000,97.3683,33.2567
95632,HOUSING DEVELOPMENT FINANCE CORPN. LTD.,2008-06-30,3,541.4806,540.2802,,8.886,,0.8571,518.8884,109.3204,,,,0.0000,0.0000,95.8277,20.2340
95632,HOUSING DEVELOPMENT FINANCE CORPN. LTD.,2008-09-30,3,575.1449,568.9887,,7.7649,,0.9393,553.4018,117.2483,,,,0.0000,0.0000,96.2196,20.6064
95632,HOUSING DEVELOPMENT FINANCE CORPN. LTD.,2008-12-31,3,601.3725,600.2274,,7.8101,,0.9334,581.5603,112.4195,,,,0.0000,0.0000,96.7055,18.7295
95632,HOUSING DEVELOPMENT FINANCE CORPN. LTD.,2009-03-31,3,615.5595,614.0292,,5.3073,,0.9701,604.457,143.148,,,,0.0000,0.0000,98.1964,23.3129
95632,HOUSING DEVELOPMENT FINANCE CORPN. LTD.,2009-06-30,3,596.3691,584.6095,,8.9003,,0.831,574.9389,118.2494,,,,0.0000,0.0000,96.4065,20.2271
95632,HOUSING DEVELOPMENT FINANCE CORPN. LTD.,2009-09-30,3,588.4176,574.6497,,6.7838,,0.9207,568.5327,137.0675,,,,0.0000,0.0000,96.6206,23.8524
95632,HOUSING DEVELOPMENT FINANCE CORPN. LTD.,2009-12-31,3,592.3676,580.2209,,8.3358,,0.9629,571.7285,143.9524,,,,0.0000,0.0000,96.5158,24.8099
95632,HOUSING DEVELOPMENT FINANCE CORPN. LTD.,2010-03-31,3,637.2412,625.7154,,7.1212,,1.1605,622.1592,203.6089,,,,0.0000,0.0000,97.6332,32.5402
95632,HOUSING DEVELOPMENT FINANCE CORPN. LTD.,2010-06-30,3,601.7352,600.7001,,9.6962,,0.8612,577.7341,149.1673,,,,0.0000,0.0000,96.0113,24.8322
95632,HOUSING DEVELOPMENT FINANCE CORPN. LTD.,2010-09-30,3,645.627,631.7873,,10.2075,,0.9586,620.6907,175.5323,,,,0.0000,0.0000,96.1377,27.7835
95632,HOUSING DEVELOPMENT FINANCE CORPN. LTD.,2010-12-31,3,735.4088,697.3013,,9.9758,,1.229,711.1014,197.2759,,,,0.0000,0.0000,96.6947,28.2913
95632,HOUSING DEVELOPMENT FINANCE CORPN. LTD.,2011-03-31,3,841.2763,809.2021,,8.5287,,1.1625,820.0002,253.8259,,0.2823,16.8395,0.0000,0.0000,97.471,31.3674
95632,HOUSING DEVELOPMENT FINANCE CORPN. LTD.,2011-06-30,3,852.0505,847.3841,,11.7632,,0.9966,823.8064,188.2934,,,,0.0000,0.0000,96.6852,22.2206
95632,HOUSING DEVELOPMENT FINANCE CORPN. LTD.,2011-09-30,3,875.1619,855.8309,,11.0373,,1.0139,846.5926,203.7638,,,,0.0000,0.0000,96.7355,23.8089
95632,HOUSING DEVELOPMENT FINANCE CORPN. LTD.,2011-12-31,3,849.1957,831.5055,,9.6454,,1.0215,825.1828,186.31,,,,0.0000,0.0000,97.1723,22.4063
95632,HOUSING DEVELOPMENT FINANCE CORPN. LTD.,2012-03-31,3,971.9273,954.9689,,9.8663,,1.1665,947.6661,263.5256,,11.9647,35.5146,0.0000,0.0000,97.5038,27.5952
95632,HOUSING DEVELOPMENT FINANCE CORPN. LTD.,2012-06-30,3,882.0828,877.1569,,10.8638,,0.8549,851.849,178.8167,,,,0.0000,0.0000,96.5725,20.3859
95632,HOUSING DEVELOPMENT FINANCE CORPN. LTD.,2012-09-30,3,966.4175,947.7638,,11.3688,,1.0274,933.0749,210.8054,,16.577,58.6018,0.0000,0.0000,96.5499,22.2424
95632,HOUSING DEVELOPMENT FINANCE CORPN. LTD.,2012-12-31,3,960.7495,941.5909,,11.7477,,1.0778,928.1853,208.6223,,,,0.0000,0.0000,96.6105,22.1564
95632,HOUSING DEVELOPMENT FINANCE CORPN. LTD.,2013-03-31,3,1043.6161,1022.2005,,10.8521,,1.3418,1019.561,285.8621,,0.2426,4.9426,0.0000,0.0000,97.695,27.9654
95632,HOUSING DEVELOPMENT FINANCE CORPN. LTD.,2013-06-30,3,952.9627,951.5927,,12.7423,,0.9487,920.774,200.8864,,,,0.0000,0.0000,96.6222,21.1105
95632,HOUSING DEVELOPMENT FINANCE CORPN. LTD.,2013-09-30,3,933.9269,919.0584,,10.5377,,1.4886,906.0831,198.6335,,773.8349,15.2968,0.0000,0.0000,97.0186,21.6127
95632,HOUSING DEVELOPMENT FINANCE CORPN. LTD.,2013-12-31,3,974.14,966.7503,,11.4375,,1.3487,944.2468,206.3808,,,,0.0000,0.0000,96.9313,21.3479
95632,HOUSING DEVELOPMENT FINANCE CORPN. LTD.,2014-03-31,3,1089.5565,1064.1361,,10.945,,1.3915,1065.6866,282.4106,,13.8526,13.41,0.0000,0.0000,97.8092,26.5390
95632,HOUSING DEVELOPMENT FINANCE CORPN. LTD.,2014-06-30,3,1082.8301,1079.162,,14.2138,,,1047.2286,236.4814,,,,0.0000,0.0000,96.7122,22.0155
96379,I C I C I BANK LTD.,1997-06-30,3,23.1186,17.0715,,,,0.6592,16.2419,3.9215,,,,0.0000,0.0000,70.2549,22.9712
96379,I C I C I BANK LTD.,1997-09-30,3,22.1349,17.1458,,,,0.7912,17.7915,3.8544,,,,0.0000,0.0000,80.3773,22.4804
96379,I C I C I BANK LTD.,1997-12-31,3,21.747,14.5048,,,,1.2484,17.8253,3.5891,,,,0.0000,0.0000,81.9668,24.7443
96379,I C I C I BANK LTD.,1998-03-31,3,27.5452,23.2582,,,,1.1015,21.4984,2.0561,,,,0.0000,0.0000,78.0474,8.8405
96379,I C I C I BANK LTD.,1998-06-30,3,28.7258,24.2827,,,,0.9484,23.0119,3.9689,,,,0.0000,0.0000,80.1089,16.3445
96379,I C I C I BANK LTD.,1998-09-30,3,36.0988,30.9855,,,,0.9831,28.8781,3.1329,,,,0.0000,0.0000,79.9974,10.1108
96379,I C I C I BANK LTD.,1998-12-31,3,39.8974,33.7422,,,,1.0459,31.4507,3.2997,,,,0.0000,0.0000,78.8289,9.7792
96379,I C I C I BANK LTD.,1999-03-31,3,46.8627,39.1826,,,,1.1544,41.7175,4.5374,,,,0.0000,0.0000,89.0207,11.5801
96379,I C I C I BANK LTD.,1999-06-30,3,51.5099,46.1132,,1.5856,,0.9481,43.2549,8.0649,,,,0.0000,0.0000,83.9739,10.1800
96379,I C I C I BANK LTD.,1999-09-30,3,50.6202,43.3362,,1.5781,,1.1393,44.9143,6.0711,,,,0.0000,0.0000,88.728,12.6418
96379,I C I C I BANK LTD.,1999-12-31,3,58.5611,47.2582,,1.5316,,1.2165,49.7741,8.8123,,,,0.0000,0.0000,84.9951,13.7518
96379,I C I C I BANK LTD.,2000-03-31,3,80.2274,59.6004,,3.6707,,,50.7128,7.557,,,,0.0000,0.0000,63.2113,12.6795
96379,I C I C I BANK LTD.,2000-06-30,3,70.437,63.449,,2.6918,,,55.0424,8.9817,,,,0.0000,0.0000,78.1442,14.1557
96379,I C I C I BANK LTD.,2000-09-30,3,70.0516,62.6163,,2.4603,,,49.5696,6.5506,,,,0.0000,0.0000,70.7615,10.4615
96379,I C I C I BANK LTD.,2000-12-31,3,76.3949,64.6196,,2.293,,,57.1481,8.663,,,,0.0000,0.0000,74.8061,13.4062
96379,I C I C I BANK LTD.,2001-03-31,3,100.5909,79.1776,,3.7902,,,69.4029,10.8107,,,,0.0000,0.0000,68.9952,13.6537
96379,I C I C I BANK LTD.,2001-06-30,3,126.6879,99.6309,,6.961,,,87.5703,13.8816,,,,0.0000,0.0000,69.1229,13.9331
96379,I C I C I BANK LTD.,2001-09-30,3,117.4915,97.5297,,7.2115,,,88.0011,13.8836,,,,0.0000,0.0000,74.9,14.2353
96379,I C I C I BANK LTD.,2001-12-31,3,149.7143,113.0135,,9.1564,,,101.3509,14.6111,,,,0.0000,0.0000,67.6962,12.9286
96379,I C I C I BANK LTD.,2002-03-31,3,194.3397,138.9718,,7.4314,,,128.6741,-7.8294,,,,0.0000,0.0000,66.2109,8.3976
96379,I C I C I BANK LTD.,2002-06-30,3,582.9741,489.2222,,18.237,,,478.086,51.6476,,,,0.0000,0.0000,82.0081,10.5571
96379,I C I C I BANK LTD.,2002-09-30,3,931.4907,470.6244,,19.9457,,,474.0492,-46.3858,,,,0.0000,0.0000,50.8915,12.5144
96379,I C I C I BANK LTD.,2002-12-31,3,589.2252,469.1961,,20.2929,,,474.9834,66.5351,,,,0.0000,0.0000,80.6115,14.6234
96379,I C I C I BANK LTD.,2003-03-31,3,633.0206,510.9055,,25.0645,,,514.0561,34.7053,,,,0.0000,0.0000,81.2069,13.8734
96379,I C I C I BANK LTD.,2003-06-30,3,632.1565,491.2843,,25.5668,,,478.5266,69.796,,,,0.0000,0.0000,75.6975,14.8252
96379,I C I C I BANK LTD.,2003-09-30,3,670.1955,482.1474,,27.2254,,,477.8814,87.5454,,,,0.0000,0.0000,71.3048,18.1574
96379,I C I C I BANK LTD.,2003-12-31,3,665.2512,486.9195,,31.7256,,,487.4591,96.5324,,,,0.0000,0.0000,73.2744,19.8251
96379,I C I C I BANK LTD.,2004-03-31,3,667.2628,501.5684,,34.9152,,,507.171,101.1667,,,,0.0000,0.0000,76.0077,20.1701
96379,I C I C I BANK LTD.,2004-06-30,3,643.0193,482.4204,,36.6707,,,472.0329,78.5374,,,,0.0000,0.0000,73.4088,19.6167
96379,I C I C I BANK LTD.,2004-09-30,3,665.086,483.8638,,39.0407,,,456.0665,95.8998,,,,0.0000,0.0000,68.5726,19.8196
96379,I C I C I BANK LTD.,2004-12-31,3,754.8021,540.7773,,41.9778,,,536.3207,106.2109,,,,0.0000,0.0000,71.0545,21.7663
96379,I C I C I BANK LTD.,2005-03-31,3,841.03,596.3012,,47.1298,,,606.363,132.2454,,,,0.0000,0.0000,72.0977,23.5948
96379,I C I C I BANK LTD.,2005-06-30,3,965.1034,714.9078,,51.184,,,646.8697,121.6013,,,,0.0000,0.0000,67.026,17.0094
96379,I C I C I BANK LTD.,2005-09-30,3,1011.2099,758.1046,,56.2681,,,683.135,132.0802,,,,0.0000,0.0000,67.5562,17.4224
96379,I C I C I BANK LTD.,2005-12-31,3,1043.4282,785.096,,60.0278,,,704.6259,140.2285,,,,0.0000,0.0000,67.5299,17.8613
96379,I C I C I BANK LTD.,2006-03-31,3,1238.1328,932.5883,,76.0062,,,822.4064,177.5846,,,,0.0000,0.0000,66.4231,19.0421
96379,I C I C I BANK LTD.,2006-06-30,3,1313.5586,1094.0344,,77.4631,,,936.2465,134.6224,,,,0.0000,0.0000,71.2756,12.3051
96379,I C I C I BANK LTD.,2006-09-30,3,1473.6931,1133.256,,85.202,,,1039.6522,163.702,,,,0.0000,0.0000,70.5474,14.4453
96379,I C I C I BANK LTD.,2006-12-31,3,1698.565,1254.8298,,95.4912,,,1165.2511,203.8961,,,,0.0000,0.0000,68.6021,16.2489
96379,I C I C I BANK LTD.,2007-03-31,3,1929.6817,1452.7785,,100.1261,,,1294.3839,187.4187,,,,0.0000,0.0000,67.0776,12.9007
96379,I C I C I BANK LTD.,2007-06-30,3,2276.4257,1798.0104,,127.9901,,,1673.66,190.1015,,,,0.0000,0.0000,73.5214,10.5729
96379,I C I C I BANK LTD.,2007-09-30,3,2378.8547,1865.2355,,128.882,,,1728.587,248.5374,,,,0.0000,0.0000,72.6647,13.3247
96379,I C I C I BANK LTD.,2007-12-31,3,2621.288,2006.0269,,144.6526,,,1889.0492,311.9194,,,,0.0000,0.0000,72.0657,15.5491
96379,I C I C I BANK LTD.,2008-03-31,3,2574.7695,1989.5755,,115.6289,,,1807.1299,284.9192,,,,0.0000,0.0000,70.1861,14.3206
96379,I C I C I BANK LTD.,2008-06-30,3,2202.2373,1843.0173,,122.1906,,,1570.1962,170.0163,,,,0.0000,0.0000,71.3,9.2249
96379,I C I C I BANK LTD.,2008-09-30,3,2131.5754,1719.5549,,107.1153,,,1546.9976,222.5902,,,,0.0000,0.0000,72.5753,12.9446
96379,I C I C I BANK LTD.,2008-12-31,3,2127.9226,1610.9733,,103.4088,,,1564.2502,261.5338,,,,0.0000,0.0000,73.5107,16.2345
96379,I C I C I BANK LTD.,2009-03-31,3,1796.4225,1469.7355,,89.2847,,,1261.286,145.176,,,,0.0000,0.0000,70.211,9.8777
96379,I C I C I BANK LTD.,2009-06-30,3,1930.6311,1493.1761,,97.6523,,,1329.95,183.8296,,,,0.0000,0.0000,68.8868,12.3113
96379,I C I C I BANK LTD.,2009-09-30,3,1750.8098,1374.2963,,92.8076,,,1235.5565,214.7303,,,,0.0000,0.0000,70.5706,15.6247
96379,I C I C I BANK LTD.,2009-12-31,3,1664.7459,1305.9339,,91.5762,,,1157.6582,236.127,,,,0.0000,0.0000,69.5396,18.0811
96379,I C I C I BANK LTD.,2010-03-31,3,1696.2987,1280.7112,,128.0716,,,1143.1667,221.0141,,,,0.0000,0.0000,67.3918,17.2571
96379,I C I C I BANK LTD.,2010-06-30,3,1609.1765,1248.2771,,123.6113,,,1119.2518,220.3352,,,,0.0000,0.0000,69.5543,17.6511
96379,I C I C I BANK LTD.,2010-09-30,3,1714.3779,1371.3885,,135.6934,,,1233.6692,268.724,,,,0.0000,0.0000,71.9602,19.5950
96379,I C I C I BANK LTD.,2010-12-31,3,1869.9996,1482.7488,,168.398,,,1386.777,318.2127,,,,0.0000,0.0000,74.1592,21.4610
96379,I C I C I BANK LTD.,2011-03-31,3,1955.3718,1590.6934,,190.4044,,,1459.9051,322.7664,,,,0.0000,0.0000,74.6613,20.2909
96379,I C I C I BANK LTD.,2011-06-30,3,2064.8915,1698.5985,,163.3937,,,1557.9687,297.0226,,,,0.0000,0.0000,75.4504,17.4863
96379,I C I C I BANK LTD.,2011-09-30,3,2077.557,1712.4007,,176.8947,,,1613.4303,315.541,,,,0.0000,0.0000,77.66,18.4268
96379,I C I C I BANK LTD.,2011-12-31,3,1990.5464,1631.3388,,158.851,,,1561.8426,328.1144,,,,0.0000,0.0000,78.463,20.1132
96379,I C I C I BANK LTD.,2012-03-31,3,2265.9818,1823.1504,,219.2039,,,1731.2481,377.9107,,,,0.0000,0.0000,76.4017,20.7284
96379,I C I C I BANK LTD.,2012-06-30,3,2039.1879,1703.6677,,176.161,,,1577.0427,323.9425,,,,0.0000,0.0000,77.3368,19.0144
96379,I C I C I BANK LTD.,2012-09-30,3,2210.2597,1836.1291,,176.8823,,,1710.5289,358.2239,,,,0.0000,0.0000,77.3904,19.5097
96379,I C I C I BANK LTD.,2012-12-31,3,2260.4092,1855.1648,,172.1239,,,1779.1762,411.7623,,,,0.0000,0.0000,78.7104,22.1955
96379,I C I C I BANK LTD.,2013-03-31,3,2311.1304,1905.2444,,183.7615,,,1784.092,423.5096,,,,0.0000,0.0000,77.1956,22.2286
96379,I C I C I BANK LTD.,2013-06-30,3,2209.8989,1784.4791,,186.5584,,,1681.82,389.4449,,,,0.0000,0.0000,76.1039,21.8240
96379,I C I C I BANK LTD.,2013-09-30,3,2035.9721,1696.1433,,136.7092,,,1573.727,368.9369,,,,0.0000,0.0000,77.2961,21.7515
96379,I C I C I BANK LTD.,2013-12-31,3,2302.6798,1850.2495,,161.0184,,,1767.7656,409.0127,,,,0.0000,0.0000,76.7699,22.1058
96379,I C I C I BANK LTD.,2014-03-31,3,2370.8231,1883.0514,,206.8804,,,1781.9582,434.656,,,,0.0000,0.0000,75.162,23.0825
96379,I C I C I BANK LTD.,2014-06-30,3,2447.1017,1969.992,,208.7469,,,1852.59,444.5453,,,,0.0000,0.0000,75.7055,22.5658
97066,I T C LTD.,1997-06-30,3,213.2874,210.9914,,,,5.5723,74.171,40.137,,,,0.0000,0.0000,34.7751,19.0230
97066,I T C LTD.,1997-09-30,3,208.7199,200.478,,,,6.6787,73.6136,43.4154,,,,0.0000,0.0000,35.2691,21.6560
97066,I T C LTD.,1997-12-31,3,227.6973,223.484,,,,5.0345,57.6483,29.9024,,,,0.0000,0.0000,25.3179,13.3801
97066,I T C LTD.,1998-03-31,3,206.7235,198.0355,,,,5.548,50.5173,27.2414,,,,0.0000,0.0000,24.4371,13.7558
97066,I T C LTD.,1998-06-30,3,223.5995,217.0439,,,,5.3298,74.2376,40.2555,,,,0.0000,0.0000,33.2011,18.5472
97066,I T C LTD.,1998-09-30,3,212.4177,202.9861,,,,6.5104,79.9168,42.4045,,,,0.0000,0.0000,37.6225,20.8904
97066,I T C LTD.,1998-12-31,3,202.3098,196.8643,,,,6.127,64.2035,31.8926,,,,0.0000,0.0000,31.7352,16.2003
97066,I T C LTD.,1999-03-31,3,219.2525,211.98,,,,6.1394,63.2147,32.426,,,,0.0000,0.0000,28.8319,15.2967
97066,I T C LTD.,1999-06-30,3,209.9876,205.9169,75.8416,13.4246,,6.9499,83.7906,44.8753,,,,36.8311,0.0000,39.9026,21.7929
97066,I T C LTD.,1999-09-30,3,225.178,216.9523,83.452,13.3918,,6.0091,90.1227,47.4893,,,,38.4656,0.0000,40.0229,21.8893
97066,I T C LTD.,1999-12-31,3,225.9564,220.9408,99.2952,14.9571,,7.2187,78.7729,38.4482,,,,44.9420,0.0000,34.862,17.4020
97066,I T C LTD.,2000-03-31,3,244.7429,235.3069,90.3241,15.8298,,7.112,83.4392,51.6029,,,,38.3856,0.0000,34.0926,21.9301
97066,I T C LTD.,2000-06-30,3,229.0663,225.099,82.9339,14.1595,,8.4603,102.1548,55.7092,,,,36.8433,0.0000,44.5962,24.7488
97066,I T C LTD.,2000-09-30,3,228.4731,218.8738,70.7621,15.4046,,6.337,103.1467,54.8389,,,,32.3301,0.0000,45.1461,25.7490
97066,I T C LTD.,2000-12-31,3,242.9921,236.9964,101.062,13.1999,,7.816,89.6033,47.4006,,,,42.6429,0.0000,36.875,20.0005
97066,I T C LTD.,2001-03-31,3,246.9729,233.7555,73.9696,16.8917,,7.8313,106.037,59.4309,,,,31.6440,0.0000,42.9347,25.4244
97066,I T C LTD.,2001-06-30,3,228.5547,222.934,74.2737,13.0775,,8.0907,111.2149,63.9662,,,,33.3165,0.0000,48.6601,28.6929
97066,I T C LTD.,2001-09-30,3,248.917,231.3772,88.2467,12.5803,,7.8663,116.9374,66.0895,,,,38.1397,0.0000,46.9785,30.2616
97066,I T C LTD.,2001-12-31,3,255.1907,249.4168,101.0734,14.5276,,8.4031,97.7034,54.0935,,,,40.5239,0.0000,38.2864,21.6880
97066,I T C LTD.,2002-03-31,3,292.1969,284.0556,120.9945,19.3129,,10.4392,94.123,58.7553,,,,42.5954,0.0000,32.2122,20.6844
97066,I T C LTD.,2002-06-30,3,292.8512,287.5476,120.511,16.6583,,10.8911,121.3932,70.2358,,,,41.9099,0.0000,41.4522,24.4258
97066,I T C LTD.,2002-09-30,3,313.6994,303.5201,106.8792,17.8194,,12.1032,128.3174,78.5482,,,,35.2132,0.0000,40.9046,25.8791
97066,I T C LTD.,2002-12-31,3,311.9734,304.8608,129.8754,19.2937,,12.7171,119.2106,67.2019,,,,42.6015,0.0000,38.2118,22.0435
97066,I T C LTD.,2003-03-31,3,332.6833,319.0229,107.5458,17.9152,,13.4674,113.0306,66.8351,,,,33.7110,0.0000,33.9754,21.2796
97066,I T C LTD.,2003-06-30,3,318.1186,305.9046,125.5989,20.0647,,12.7192,143.2294,85.0414,,,,41.0582,0.0000,45.0239,27.8000
97066,I T C LTD.,2003-09-30,3,350.2863,335.0563,103.9203,19.9169,,13.0642,150.0376,93.3185,,,,31.0158,0.0000,42.8329,27.8516
97066,I T C LTD.,2003-12-31,3,365.2439,356.0798,146.4525,19.9733,,13.1123,138.9663,83.5035,,,,41.1291,0.0000,38.0475,23.4508
97066,I T C LTD.,2004-03-31,3,438.287,418.0714,187.0385,31.1853,,13.891,139.8984,78.2587,,,,44.7384,0.0000,31.9194,20.5671
97066,I T C LTD.,2004-06-30,3,411.9945,399.2341,162.875,24.0312,,15.99,168.5719,102.1357,,,,40.7969,0.0000,40.916,25.5829
97066,I T C LTD.,2004-09-30,3,401.856,387.4541,118.9528,23.0096,,16.3434,169.1892,105.8764,,,,30.7011,0.0000,42.1019,27.3262
97066,I T C LTD.,2004-12-31,3,434.539,422.711,163.2705,24.1608,,17.0553,172.4927,106.1155,,,,38.6246,0.0000,39.6956,25.1035
97066,I T C LTD.,2005-03-31,3,824.461,498.3085,189.8924,33.3143,,20.5402,323.7812,18.2399,,,,38.1074,0.0000,39.2719,35.4484
97066,I T C LTD.,2005-06-30,3,539.4864,520.0948,238.1504,28.3899,,18.3683,209.0768,128.0919,,,,45.7898,0.0000,38.7548,24.6286
97066,I T C LTD.,2005-09-30,3,514.9613,497.1138,183.3958,31.0703,,18.8949,204.529,130.3223,,,,36.8921,0.0000,39.7174,26.2158
97066,I T C LTD.,2005-12-31,3,570.685,559.9763,227.856,29.8781,,18.2099,193.1801,127.5635,,,,40.6903,0.0000,33.8506,21.0024
97066,I T C LTD.,2006-03-31,3,642.8457,625.976,279.0865,32.5593,,19.3742,197.2668,127.5732,,,,44.5842,0.0000,30.6865,20.3950
97066,I T C LTD.,2006-06-30,3,637.2073,618.7643,319.5406,33.1231,,19.0292,229.1822,141.6291,,,,51.6417,0.0000,35.9667,22.8890
97066,I T C LTD.,2006-09-30,3,638.6158,621.3829,280.6531,32.4516,,19.7242,228.1412,147.3515,,,,45.1659,0.0000,35.7243,23.7135
97066,I T C LTD.,2006-12-31,3,713.6542,697.8234,312.2204,36.9019,,20.6343,258.4234,160.7277,,,,44.7420,0.0000,36.2113,23.0327
97066,I T C LTD.,2007-03-31,3,789.1313,765.888,333.1274,37.074,,20.9447,234.555,147.7984,,,,43.4956,0.0000,29.7232,19.2977
97066,I T C LTD.,2007-06-30,3,840.6844,815.5691,392.3487,43.3019,,24.7793,301.6686,192.0121,,,,48.1073,0.0000,35.8837,23.5433
97066,I T C LTD.,2007-09-30,3,863.0714,811.4477,357.0625,43.3961,,26.3262,307.4467,191.0932,,,,44.0031,0.0000,35.6224,23.5497
97066,I T C LTD.,2007-12-31,3,909.3737,889.0416,351.5847,48.3367,,27.8245,339.0264,210.6288,,,,39.5465,0.0000,37.2813,23.6917
97066,I T C LTD.,2008-03-31,3,1015.4621,1001.7098,443.8941,47.3453,,30.104,299.4174,182.2845,,,,44.3136,0.0000,29.4858,18.1973
97066,I T C LTD.,2008-06-30,3,937.4241,918.7296,432.4918,50.9365,,29.4512,289.9276,174.8412,,,,47.0750,0.0000,30.9281,19.0308
97066,I T C LTD.,2008-09-30,3,871.9867,847.746,363.5919,52.1618,,29.407,290.9841,176.1742,,,,42.8892,0.0000,33.3702,20.7815
97066,I T C LTD.,2008-12-31,3,813.3338,793.277,321.7637,43.7791,,29.6452,303.3599,185.6856,,,,40.5613,0.0000,37.2983,23.4074
97066,I T C LTD.,2009-03-31,3,788.2186,778.0198,273.2435,43.3619,,28.3243,263.6185,157.9084,,,,35.1204,0.0000,33.4449,20.2962
97066,I T C LTD.,2009-06-30,3,897.0205,878.6903,306.2319,59.0619,,31.7309,308.727,183.93,,,,34.8509,0.0000,34.4169,20.9323
97066,I T C LTD.,2009-09-30,3,923.5119,909.3827,337.0659,49.9557,,30.6345,342.4025,208.4915,872.1771,127.1808,,37.0653,0.0000,37.0761,22.9267
97066,I T C LTD.,2009-12-31,3,1030.8771,996.7532,373.9717,47.7783,,33.2125,400.3345,245.3721,,,,37.5190,0.0000,38.8344,24.6171
97066,I T C LTD.,2010-03-31,3,1143.3843,1130.1024,429.7574,56.231,,33.8169,371.1262,225.9924,,,,38.0282,0.0000,32.4586,19.9975
97066,I T C LTD.,2010-06-30,3,1064.9164,1043.7672,406.4684,73.4293,,34.2922,374.1434,229.8554,,,,38.9424,0.0000,35.1336,22.0217
97066,I T C LTD.,2010-09-30,3,1152.0719,1125.012,450.436,56.7718,,35.646,435.7442,270.9998,1190.135,165.7465,,40.0383,0.0000,37.8227,24.0886
97066,I T C LTD.,2010-12-31,3,1254.5445,1211.8997,458.8555,61.414,,37.2239,489.4805,307.5969,,,,37.8625,0.0000,39.0166,25.3814
97066,I T C LTD.,2011-03-31,3,1347.7322,1322.1529,521.295,60.812,,36.5019,449.1693,284.8398,1171.1999,196.7348,310.1413,39.4277,0.0000,33.3278,21.5436
97066,I T C LTD.,2011-06-30,3,1341.7589,1304.8373,606.2365,86.6074,,37.1111,473.4481,297.1386,,,,46.4607,0.0000,35.2856,22.7721
97066,I T C LTD.,2011-09-30,3,1317.2602,1278.4974,484.3792,53.7359,,35.7127,505.1272,317.8752,1268.4509,168.5926,,37.8866,0.0000,38.3468,24.8632
97066,I T C LTD.,2011-12-31,3,1247.357,1192.1751,416.7249,54.8155,,33.0165,507.4999,322.9652,,,,34.9550,0.0000,40.686,27.0904
97066,I T C LTD.,2012-03-31,3,1419.9153,1381.0703,491.95,65.8764,,37.3666,491.0737,320.7996,1120.3287,195.2129,287.9836,35.6209,0.0000,34.5847,23.2283
97066,I T C LTD.,2012-06-30,3,1227.2765,1196.9463,504.3031,72.8128,,34.7653,454.2388,285.9432,,,,42.1325,0.0000,37.0119,23.8894
97066,I T C LTD.,2012-09-30,3,1357.0536,1323.3576,582.8026,52.9339,,34.5861,526.1804,336.3049,1223.4103,169.1121,291.9525,44.0397,0.0000,38.7737,25.4130
97066,I T C LTD.,2012-12-31,3,1471.2072,1410.9499,552.8189,63.3168,,37.5524,583.2787,375.4598,,,,39.1806,0.0000,39.6463,26.6104
97066,I T C LTD.,2013-03-31,3,1564.4711,1517.7872,603.356,63.1201,,37.9916,544.1308,354.3807,1213.1784,213.8328,306.7741,39.7523,0.0000,34.7805,23.3485
97066,I T C LTD.,2013-06-30,3,1303.8314,1269.0381,522.9176,73.0989,,36.8688,512.7885,323.879,,,,41.2058,0.0000,39.3294,25.5216
97066,I T C LTD.,2013-09-30,3,1277.0387,1233.2974,488.1329,58.0169,,34.6451,541.8959,349.8755,1115.524,216.1544,276.8411,39.5795,0.0000,42.4338,28.3691
97066,I T C LTD.,2013-12-31,3,1472.7614,1409.5958,549.1639,64.7421,,36.4915,593.6589,385.2897,,,,38.9590,0.0000,40.3092,27.3333
97066,I T C LTD.,2014-03-31,3,1557.8769,1514.164,609.5765,67.3304,,38.9796,568.7383,373.3586,1206.2051,354.8956,325.7597,40.2583,0.0000,36.5073,24.6577
97066,I T C LTD.,2014-06-30,3,1587.599,1548.3311,767.0126,85.1589,,38.7272,587.9958,366.0412,,,,49.5380,0.0000,37.0368,23.6410
100632,INFOSYS LTD.,1995-03-31,12,18.2583,18.2583,,,,1.4556,6.3002,4.2149,,,,0.0000,0.0000,34.5061,23.0849
100632,INFOSYS LTD.,1997-06-30,3,12.7952,12.664,,,,0.9916,3.8349,2.5752,,,,0.0000,0.0000,29.9716,20.3352
100632,INFOSYS LTD.,1997-09-30,3,17.0002,16.6568,,,,1.6346,5.8517,3.7968,,,,0.0000,0.0000,34.4215,22.7940
100632,INFOSYS LTD.,1997-12-31,3,18.7667,18.6823,,,,1.4863,6.5361,4.6661,,,,0.0000,0.0000,34.8282,24.9760
100632,INFOSYS LTD.,1998-03-31,3,20.0829,19.9157,,,,1.8814,7.0977,4.834,,,,0.0000,0.0000,35.3423,24.2721
100632,INFOSYS LTD.,1998-06-30,3,23.3368,23.1234,,,,1.1712,7.4944,5.6119,,,,0.0000,0.0000,32.1142,24.2695
100632,INFOSYS LTD.,1998-09-30,3,28.3277,28.2242,,,,1.7428,9.8926,6.6797,,,,0.0000,0.0000,34.922,23.6667
100632,INFOSYS LTD.,1998-12-31,3,33.4954,32.7739,,,,2.1434,13.3963,9.4221,,,,0.0000,0.0000,39.9944,28.7487
100632,INFOSYS LTD.,1999-03-31,3,36.2095,35.7902,,,,3.3971,14.9408,10.1537,,,,0.0000,0.0000,41.2622,28.3702
100632,INFOSYS LTD.,1999-06-30,3,42.6684,39.4716,,14.3124,,2.1605,18.0656,14.8224,,,,0.0000,0.0000,42.3395,35.5964
100632,INFOSYS LTD.,1999-09-30,3,50.0482,47.8477,,18.0916,,2.4624,19.7386,15.0939,,,,0.0000,0.0000,39.4391,31.5458
100632,INFOSYS LTD.,1999-12-31,3,53.8422,52.0668,,19.8232,,3.3299,22.6449,16.9693,,,,0.0000,0.0000,42.0578,32.5913
100632,INFOSYS LTD.,2000-03-31,3,67.3502,63.629,,24.745,,4.2924,28.4776,19.6955,,,,0.0000,0.0000,42.2829,33.6831
100632,INFOSYS LTD.,2000-06-30,3,84.1624,79.5529,,31.908,,3.9695,35.4076,27.1419,,,,0.0000,0.0000,42.0706,35.6623
100632,INFOSYS LTD.,2000-09-30,3,101.4797,97.2128,,44.5815,,5.2823,42.7118,33.5614,,,,0.0000,0.0000,42.089,34.5236
100632,INFOSYS LTD.,2000-12-31,3,117.9773,114.8801,,,,7.063,46.8123,38.3761,,,,0.0000,0.0000,39.6791,30.9699
100632,INFOSYS LTD.,2001-03-31,3,122.71,120.5199,,52.6099,,8.1316,51.7648,39.4419,,,,0.0000,0.0000,42.1847,32.3331
100632,INFOSYS LTD.,2001-06-30,3,133.1809,130.3109,,55.3479,,7.5482,54.0395,40.428,,,,0.0000,0.0000,40.576,31.0243
100632,INFOSYS LTD.,2001-09-30,3,139.5269,136.4501,,64.423,,8.1896,57.4193,42.3037,,,,0.0000,0.0000,41.1528,31.0030
100632,INFOSYS LTD.,2001-12-31,3,141.0065,137.8911,,60.0343,,8.6264,58.9242,42.9943,,,,0.0000,0.0000,41.7883,31.1799
100632,INFOSYS LTD.,2002-03-31,3,144.3309,139.5442,,59.9084,,9.1958,60.3352,43.1519,,,,0.0000,0.0000,41.8034,30.9235
100632,INFOSYS LTD.,2002-06-30,3,161.2368,156.1517,,71.2875,,8.2669,61.2317,44.2854,,,,0.0000,0.0000,37.9762,28.3605
100632,INFOSYS LTD.,2002-09-30,3,185.1921,181.5733,,82.5509,,9.5455,65.4417,51.5115,,,,0.0000,0.0000,35.3372,25.6682
100632,INFOSYS LTD.,2002-12-31,3,205.3261,199.1359,,92.7129,,10.2784,75.4653,53.2426,,,,0.0000,0.0000,36.7539,26.7368
100632,INFOSYS LTD.,2003-03-31,3,219.8165,214.0694,,101.1396,,11.0724,77.1918,54.3648,,,,0.0000,0.0000,35.1165,25.3959
100632,INFOSYS LTD.,2003-06-30,3,238.5879,231.6427,,114.9671,,9.4757,80.1516,60.9048,,,,0.0000,0.0000,33.5942,25.7047
100632,INFOSYS LTD.,2003-09-30,3,257.1466,247.4891,,123.7173,,13.5942,92.1451,65.5129,,,,0.0000,0.0000,35.8337,26.4516
100632,INFOSYS LTD.,2003-12-31,3,281.3588,270.9444,,140.6158,,13.6497,99.8818,72.4772,,,,0.0000,0.0000,35.4998,26.5644
100632,INFOSYS LTD.,2004-03-31,3,297.4377,290.771,,137.8502,,13.791,99.7739,74.8754,,,,0.0000,0.0000,33.5445,25.7506
100632,INFOSYS LTD.,2004-06-30,3,329.9177,323.2695,,151.8744,,10.849,111.7961,86.6642,,,,0.0000,0.0000,33.8861,26.8093
100632,INFOSYS LTD.,2004-09-30,3,373.1173,366.6095,,169.2044,,12.148,127.9879,98.7025,,,,0.0000,0.0000,34.3023,26.9231
100632,INFOSYS LTD.,2004-12-31,3,419.5051,408.8185,,194.8595,,15.6888,149.6121,112.7775,,,,0.0000,0.0000,35.664,27.5862
100632,INFOSYS LTD.,2005-03-31,3,453.9895,434.9256,,195.5962,2.5177,21.2657,169.5583,127.9675,,,,0.0000,0.5789,37.3485,29.4228
100632,INFOSYS LTD.,2005-06-30,3,458.1757,451.2927,,209.7008,,17.2074,155.3255,119.9929,,,,0.0000,0.0000,33.9009,26.5887
100632,INFOSYS LTD.,2005-09-30,3,504.3662,494.1195,,228.6157,,20.4934,170.5509,134.8013,,,,0.0000,0.0000,33.8149,27.2811
100632,INFOSYS LTD.,2005-12-31,3,536.9642,525.353,,249.7508,,23.8797,182.0552,140.6491,,,,0.0000,0.0000,33.9045,26.7723
100632,INFOSYS LTD.,2006-03-31,3,576.4142,560.4527,,272.4704,,30.1246,196.7092,147.2509,,,,0.0000,0.0000,34.1264,26.6346
100632,INFOSYS LTD.,2006-06-30,3,651.8223,622.5098,,304.6325,,21.0615,218.4321,175.2234,,,,0.0000,0.0000,33.511,28.0781
100632,INFOSYS LTD.,2006-09-30,3,723.9652,709.655,,341.2762,,23.8503,242.8395,194.2716,,,,0.0000,0.0000,33.543,27.3755
100632,INFOSYS LTD.,2006-12-31,3,791.5402,773.8409,,365.4124,,28.9014,270.8667,213.1759,,,,0.0000,0.0000,34.2202,27.7360
100632,INFOSYS LTD.,2007-03-31,3,863.8176,807.4866,,387.957,,30.2098,316.4075,226.9139,,,,0.0000,0.0000,36.629,31.6174
100632,INFOSYS LTD.,2007-06-30,3,945.9947,870.943,,445.1595,,32.8658,322.7713,238.1542,,,,0.0000,0.0000,34.1198,28.9496
100632,INFOSYS LTD.,2007-09-30,3,993.5548,957.3624,,482.3996,,32.9698,343.3317,266.237,,,,0.0000,0.0000,34.5559,27.8094
100632,INFOSYS LTD.,2007-12-31,3,1057.3022,1013.9452,,489.6045,,34.9899,375.0,300.7099,,,,0.0000,0.0000,35.4676,29.6574
100632,INFOSYS LTD.,2008-03-31,3,1098.9501,1049.392,,524.0765,,35.1862,381.1015,287.9324,,,,0.0000,0.0000,34.6787,27.9103
100632,INFOSYS LTD.,2008-06-30,3,1106.4923,1054.6474,,534.3298,,36.198,365.717,287.4825,,,,0.0000,0.0000,33.0519,27.9451
100632,INFOSYS LTD.,2008-09-30,3,1152.8839,1111.8427,,531.9989,,35.3349,393.9514,305.0654,,,,0.0000,0.0000,34.1709,27.4378
100632,INFOSYS LTD.,2008-12-31,3,1165.6617,1116.1159,,544.3866,,34.7437,411.5793,328.9345,,,,0.0000,0.0000,35.3086,29.4345
100632,INFOSYS LTD.,2009-03-31,3,1075.5081,1025.3437,,509.256,,40.7951,405.2187,306.2563,,,,0.0000,0.0000,37.677,29.8686
100632,INFOSYS LTD.,2009-06-30,3,1123.8425,1068.3725,,524.5575,,42.0734,426.5954,306.4454,,,,0.0000,0.0000,37.9587,28.6834
100632,INFOSYS LTD.,2009-09-30,3,1121.6192,1073.7238,,529.1202,,42.7342,419.2911,296.8688,,,,0.0000,0.0000,37.3827,27.6485
100632,INFOSYS LTD.,2009-12-31,3,1191.9365,1144.1132,,552.863,,43.9631,453.7851,315.6766,,,,0.0000,0.0000,38.0712,27.5726
100632,INFOSYS LTD.,2010-03-31,3,1270.1657,1208.8443,,594.092,,42.6392,470.7899,312.1016,,712.9984,,0.0000,0.0000,37.0652,26.0000
100632,INFOSYS LTD.,2010-06-30,3,1290.2533,1236.5643,,613.9871,,38.6561,450.7726,307.3157,,766.6785,,0.0000,0.0000,34.9368,24.8524
100632,INFOSYS LTD.,2010-09-30,3,1450.4882,1396.5813,,672.0979,,40.6476,526.897,356.6988,,836.4272,,0.0000,0.0000,36.3255,25.5409
100632,INFOSYS LTD.,2010-12-31,3,1507.7803,1446.8845,,710.3773,,40.7448,542.9692,363.3819,,876.6782,,0.0000,0.0000,36.0112,25.1148
100632,INFOSYS LTD.,2011-03-31,3,1568.1437,1482.1236,,733.5045,,42.0098,574.8008,384.5342,,936.2185,,0.0000,0.0000,36.6549,25.9448
100632,INFOSYS LTD.,2011-06-30,3,1632.0415,1539.5146,,787.9282,,42.5847,554.9387,368.77,,,,0.0000,0.0000,34.0027,23.9537
100632,INFOSYS LTD.,2011-09-30,3,1650.3458,1568.0594,,779.4116,,42.1928,575.5849,382.4638,,1046.4225,,0.0000,0.0000,34.8766,24.3909
100632,INFOSYS LTD.,2011-12-31,3,1731.2351,1651.11,,792.7075,,37.5943,634.9255,424.3596,,,,0.0000,0.0000,36.6747,25.7015
100632,INFOSYS LTD.,2012-03-31,3,1861.9717,1626.0954,,804.9997,,40.5381,773.6025,548.2583,,1073.8628,,0.0000,0.0000,41.5475,33.7162
100632,INFOSYS LTD.,2012-06-30,3,1676.7803,1590.041,,850.4373,,38.1938,582.0096,393.3607,,,,0.0000,0.0000,34.71,24.7390
100632,INFOSYS LTD.,2012-09-30,3,1802.0064,1671.8004,,894.0442,,43.5851,636.5624,428.8922,,1124.4227,4.9445,0.0000,0.0000,35.3252,25.6545
100632,INFOSYS LTD.,2012-12-31,3,1807.7183,1719.7021,,930.6666,,45.3805,603.4877,414.4632,,,,0.0000,0.0000,33.3839,24.1009
100632,INFOSYS LTD.,2013-03-31,3,1833.682,1714.7573,,955.6247,,47.0552,602.527,423.6805,,1169.9464,32.7181,0.0000,0.0000,32.8589,24.7079
100632,INFOSYS LTD.,2013-06-30,3,1801.8296,1705.4192,,953.3155,,42.811,569.5576,385.299,,,,0.0000,0.0000,31.61,22.5926
100632,INFOSYS LTD.,2013-09-30,3,1889.6632,1801.0387,,1030.868,,40.3124,543.5115,364.8507,,1150.5503,8.1566,0.0000,0.0000,28.7623,20.2578
100632,INFOSYS LTD.,2013-12-31,3,1977.3769,1863.0179,,994.6649,,46.0343,664.8328,441.7682,,,,0.0000,0.0000,33.622,23.7125
100632,INFOSYS LTD.,2014-03-31,3,1994.2964,1862.8511,,992.0674,,50.6441,687.711,472.5145,,1202.347,11.145,0.0000,0.0000,34.4839,25.3651
100632,INFOSYS LTD.,2014-06-30,3,2027.2657,1895.0054,,1043.6844,,32.1443,667.4959,455.3772,,,,0.0000,0.0000,32.9259,24.0304
127106,LARSEN & TOUBRO LTD.,1997-06-30,3,354.7751,353.1355,,,,13.8901,46.4354,22.6605,,,,0.0000,0.0000,13.0887,6.4169
127106,LARSEN & TOUBRO LTD.,1997-09-30,3,380.5437,372.9777,,,,14.5606,55.0667,33.4428,,,,0.0000,0.0000,14.4705,8.9664
127106,LARSEN & TOUBRO LTD.,1997-12-31,3,324.7771,321.5564,,,,13.4483,31.8082,10.0459,,,,0.0000,0.0000,9.7939,3.1242
127106,LARSEN & TOUBRO LTD.,1998-03-31,3,494.1911,455.2535,,,,13.9195,97.1401,73.259,,,,0.0000,0.0000,19.6564,16.0919
127106,LARSEN & TOUBRO LTD.,1998-06-30,3,352.5716,348.5861,,,,15.4417,42.9133,17.0823,,,,0.0000,0.0000,12.1715,4.9005
127106,LARSEN & TOUBRO LTD.,1998-09-30,3,404.8009,381.6571,,,,15.067,56.1732,29.7906,,,,0.0000,0.0000,13.8768,7.8056
127106,LARSEN & TOUBRO LTD.,1998-12-31,3,425.1065,420.5165,,,,14.7218,39.5896,14.938,,,,0.0000,0.0000,9.3129,3.5523
127106,LARSEN & TOUBRO LTD.,1999-03-31,3,580.8883,567.5919,,,,17.9775,85.4611,49.1125,,,,0.0000,0.0000,14.7121,8.6528
127106,LARSEN & TOUBRO LTD.,1999-06-30,3,372.6682,369.0194,157.4461,28.3652,,15.2745,55.277,18.3716,,,,42.6661,0.0000,14.8328,4.9785
127106,LARSEN & TOUBRO LTD.,1999-09-30,3,404.9547,396.4327,123.515,34.5431,,15.7348,60.5894,17.2095,,,,31.1566,0.0000,14.962,5.0764
127106,LARSEN & TOUBRO LTD.,1999-12-31,3,403.7991,397.8153,154.1354,32.246,,15.8378,41.8954,4.4476,,,,38.7455,0.0000,10.3753,1.1180
127106,LARSEN & TOUBRO LTD.,2000-03-31,3,570.1904,545.154,187.7922,29.4458,,20.6292,74.1616,35.6584,,,,34.4476,0.0000,13.0065,6.5410
127106,LARSEN & TOUBRO LTD.,2000-06-30,3,379.488,372.1913,115.9115,28.6792,,16.802,40.149,4.2246,,,,31.1430,0.0000,10.5798,1.1351
127106,LARSEN & TOUBRO LTD.,2000-09-30,3,393.238,379.4352,121.8179,32.4784,,16.1716,41.2735,2.7218,,,,32.1051,0.0000,10.4958,0.7173
127106,LARSEN & TOUBRO LTD.,2000-12-31,3,419.9164,415.2255,127.4703,34.3654,,16.8725,50.4572,7.1208,,,,30.6991,0.0000,12.016,1.7149
127106,LARSEN & TOUBRO LTD.,2001-03-31,3,550.9636,531.8862,200.7936,32.4192,,18.2216,87.5945,53.7103,,,,37.7512,0.0000,15.8984,10.0981
127106,LARSEN & TOUBRO LTD.,2001-06-30,3,399.2469,389.5308,117.4271,28.7292,,17.3941,53.8459,15.5453,,,,30.1458,0.0000,13.4869,3.5539
127106,LARSEN & TOUBRO LTD.,2001-09-30,3,387.7471,372.7742,104.7307,29.8892,,17.1578,45.4162,8.0573,,,,28.0949,0.0000,11.7128,2.2780
127106,LARSEN & TOUBRO LTD.,2001-12-31,3,377.7696,370.8209,96.7205,34.5202,,17.0045,46.9507,11.4998,,,,26.0828,0.0000,12.4284,3.0674
127106,LARSEN & TOUBRO LTD.,2002-03-31,3,545.3924,530.979,189.157,33.3857,,16.7667,70.2635,38.3181,,,,35.6242,0.0000,12.8831,7.2165
127106,LARSEN & TOUBRO LTD.,2002-06-30,3,407.16,397.3758,152.0509,30.8415,,15.4595,40.9178,8.3792,,,,38.2638,0.0000,10.0496,2.2931
127106,LARSEN & TOUBRO LTD.,2002-09-30,3,406.7537,395.9696,157.7095,35.3126,,15.4062,35.8019,8.4266,,,,39.8287,0.0000,8.8019,2.1990
127106,LARSEN & TOUBRO LTD.,2002-12-31,3,491.29,482.0773,203.9032,37.8646,,15.7042,42.6776,16.3544,,,,42.2968,0.0000,8.6868,3.4761
127106,LARSEN & TOUBRO LTD.,2003-03-31,3,697.6539,666.5358,224.1678,34.3695,,18.0411,91.3434,52.9438,,,,33.6318,0.0000,13.0929,8.3651
127106,LARSEN & TOUBRO LTD.,2003-06-30,3,361.9902,343.2829,102.8303,30.3111,,4.5816,26.952,12.4794,,,,29.9550,0.0000,7.4455,3.9621
127106,LARSEN & TOUBRO LTD.,2003-09-30,3,479.299,448.7061,172.5805,40.3027,,4.6935,31.5962,17.7228,,,,38.4618,0.0000,6.5922,3.9498
127106,LARSEN & TOUBRO LTD.,2003-12-31,3,532.4988,520.9176,195.8724,39.3412,,3.9613,38.2467,22.329,,,,37.6014,0.0000,7.1825,4.2865
127106,LARSEN & TOUBRO LTD.,2004-03-31,3,820.9944,783.218,294.2588,38.2874,,5.2316,99.9738,63.5702,,,,37.5705,0.0000,12.1772,8.1165
127106,LARSEN & TOUBRO LTD.,2004-06-30,3,593.9397,579.9578,284.7554,38.7008,,4.5566,32.2239,15.4583,,,,49.0993,0.0000,5.4255,3.0355
127106,LARSEN & TOUBRO LTD.,2004-09-30,3,738.3233,647.4432,279.7512,43.5636,,4.7746,115.8551,94.9475,,,,43.2086,0.0000,15.6916,14.6650
127106,LARSEN & TOUBRO LTD.,2004-12-31,3,752.9422,738.7041,311.7957,47.5598,,4.8976,50.6135,30.093,,,,42.2085,0.0000,6.7221,4.0737
127106,LARSEN & TOUBRO LTD.,2005-03-31,3,999.073,979.3912,359.4278,40.8263,,6.8391,121.5541,76.3745,,,,36.6991,0.0000,12.1667,7.7982
127106,LARSEN & TOUBRO LTD.,2005-06-30,3,732.6957,708.447,401.9167,42.555,,6.7476,54.3043,24.0422,,,,56.7321,0.0000,7.4116,4.6301
127106,LARSEN & TOUBRO LTD.,2005-09-30,3,799.6516,757.5126,232.9671,62.1019,,5.9249,61.8219,32.5732,,,,30.7542,0.0000,7.7311,4.3000
127106,LARSEN & TOUBRO LTD.,2005-12-31,3,826.5853,808.1235,389.5346,51.4268,,5.8363,79.355,51.6568,,,,48.2024,0.0000,9.6003,7.0287
127106,LARSEN & TOUBRO LTD.,2006-03-31,3,1076.9661,1037.9458,554.6301,45.1037,,7.2906,157.9451,103.1341,,,,53.4354,0.0000,14.6657,10.1116
127106,LARSEN & TOUBRO LTD.,2006-06-30,3,769.0591,754.7654,188.5269,53.366,,6.7071,67.1103,34.1175,,,,24.9782,0.0000,8.7263,4.5203
127106,LARSEN & TOUBRO LTD.,2006-09-30,3,836.1744,808.8463,244.2944,84.7835,,7.2939,78.7602,43.6287,,,,30.2028,0.0000,9.4191,5.3939
127106,LARSEN & TOUBRO LTD.,2006-12-31,3,946.4629,922.0872,482.9896,66.2111,,7.9916,126.5322,77.048,,,,52.3800,0.0000,13.369,8.3558
127106,LARSEN & TOUBRO LTD.,2007-03-31,3,1468.7533,1418.4552,386.6714,74.2411,,15.8567,234.1348,159.1737,,,,27.2600,0.0000,15.9411,11.2216
127106,LARSEN & TOUBRO LTD.,2007-06-30,3,1156.549,1104.6824,619.8411,76.6754,,10.4018,155.6268,92.4289,,,,56.1103,0.0000,13.4561,8.3670
127106,LARSEN & TOUBRO LTD.,2007-09-30,3,1391.7972,1363.9291,753.996,110.2925,,11.9782,151.1254,86.2717,,,,55.2812,0.0000,10.8583,6.3252
127106,LARSEN & TOUBRO LTD.,2007-12-31,3,1658.0654,1619.6729,850.9863,101.3387,,13.3621,200.5984,122.1577,,,,52.5406,0.0000,12.0983,7.5421
127106,LARSEN & TOUBRO LTD.,2008-03-31,3,2186.6109,2119.9925,1185.4116,93.7217,,16.8919,360.3887,239.5538,,,,55.9158,0.0000,16.4816,11.2997
127106,LARSEN & TOUBRO LTD.,2008-06-30,3,1658.865,1621.1747,880.3176,92.8118,,15.383,203.517,117.3377,,,,54.3012,0.0000,12.2685,7.2378
127106,LARSEN & TOUBRO LTD.,2008-09-30,3,1724.5786,1695.4328,900.9262,132.5893,,16.039,185.46,101.014,,,,53.1384,0.0000,10.7539,5.9580
127106,LARSEN & TOUBRO LTD.,2008-12-31,3,2023.0809,1779.5851,855.9966,97.9937,,16.0602,440.5009,124.1954,,,,48.1009,0.0000,21.7738,17.5647
127106,LARSEN & TOUBRO LTD.,2009-03-31,3,2115.987,2070.072,983.3306,95.3864,,17.3604,307.4801,222.9854,,,,47.5022,0.0000,14.5313,9.4153
127106,LARSEN & TOUBRO LTD.,2009-06-30,3,1811.2368,1550.7079,652.0505,107.0633,,19.6196,434.2461,334.5362,,,,42.0486,0.0000,23.9751,21.5731
127106,LARSEN & TOUBRO LTD.,2009-09-30,3,1684.6687,1635.2993,689.9641,146.5083,,20.6714,222.4369,119.8211,291.0223,1869.9124,,42.1919,0.0000,13.2036,7.3272
127106,LARSEN & TOUBRO LTD.,2009-12-31,3,1810.3796,1746.8604,762.6871,117.1027,,22.4148,279.436,149.318,,,,43.6605,0.0000,15.4352,9.3157
127106,LARSEN & TOUBRO LTD.,2010-03-31,3,3080.4936,2985.8675,1489.094,134.9158,,25.544,545.3624,293.9492,311.084,2452.4924,,49.8714,0.0000,17.7037,10.5859
127106,LARSEN & TOUBRO LTD.,2010-06-30,3,1728.1019,1681.7941,857.3549,121.1051,,24.5144,262.1375,143.0639,,,,50.9786,0.0000,15.1691,8.5066
127106,LARSEN & TOUBRO LTD.,2010-09-30,3,2146.0726,2048.0641,989.5794,180.4644,,26.347,315.736,150.8829,331.093,2188.1548,,48.3178,0.0000,14.7123,8.1189
127106,LARSEN & TOUBRO LTD.,2010-12-31,3,2586.8142,2523.4692,1241.2382,151.5176,,28.3642,334.9247,178.3096,,,,49.1878,0.0000,12.9474,7.3758
127106,LARSEN & TOUBRO LTD.,2011-03-31,3,3521.9596,3392.1626,1661.7366,178.2016,,52.4056,650.7074,374.8008,350.5596,2762.3357,2856.9822,48.9875,0.0000,18.4757,11.0490
127106,LARSEN & TOUBRO LTD.,2011-06-30,3,2174.2271,2114.098,1063.1591,166.7402,,37.4232,316.1701,166.359,,,,50.2890,0.0000,14.5417,7.8690
127106,LARSEN & TOUBRO LTD.,2011-09-30,3,2427.4988,2360.3073,1229.7218,226.3232,,35.8743,322.5584,167.5934,380.3562,2860.5792,2370.7631,52.1001,0.0000,13.2877,7.1005
127106,LARSEN & TOUBRO LTD.,2011-12-31,3,2735.4939,2655.0688,1345.5141,163.7515,,34.2412,340.099,188.2657,,,,50.6772,0.0000,12.4328,7.0908
127106,LARSEN & TOUBRO LTD.,2012-03-31,3,3741.8357,3668.4816,1768.6346,194.2611,,35.8405,582.2308,381.6168,353.0433,3719.3609,3101.5162,48.2116,0.0000,15.56,10.4026
127106,LARSEN & TOUBRO LTD.,2012-06-30,3,2242.2756,2133.7409,1116.8553,175.8933,,34.2566,295.2865,154.1406,,,,52.3426,0.0000,13.1691,7.2240
127106,LARSEN & TOUBRO LTD.,2012-09-30,3,2526.0229,2416.4521,1277.9229,237.7971,,37.3513,366.6186,198.5906,373.5464,3438.1531,2347.0584,52.8843,0.0000,14.5137,8.6191
127106,LARSEN & TOUBRO LTD.,2012-12-31,3,2486.6988,2354.9086,1162.3397,169.5822,,32.5477,362.0322,205.2645,,,,49.3582,0.0000,14.5587,8.7165
127106,LARSEN & TOUBRO LTD.,2013-03-31,3,3445.9362,3322.4641,1517.0759,179.9788,,36.1829,514.8444,325.1992,379.4156,4156.4824,3112.3792,45.6612,0.0000,14.9406,9.8915
127106,LARSEN & TOUBRO LTD.,2013-06-30,3,1765.7056,1682.2893,892.2601,169.3963,,31.9952,236.113,113.7591,,,,53.0384,0.0000,13.3722,6.7622
127106,LARSEN & TOUBRO LTD.,2013-09-30,3,2003.6987,1930.6674,861.752,215.7325,,30.2061,259.0095,135.6253,340.2806,3395.0929,2336.7277,44.6349,0.0000,12.9266,7.0248
127106,LARSEN & TOUBRO LTD.,2013-12-31,3,2410.7168,2323.9283,1094.8291,172.5513,,32.1707,359.5524,200.4028,,,,47.1111,0.0000,14.9148,8.6235
127106,LARSEN & TOUBRO LTD.,2014-03-31,3,3451.4177,3290.9004,1388.2175,201.5193,,35.0461,635.9753,446.3697,324.9303,3530.1341,2678.9671,42.1835,0.0000,18.4265,13.5638
127106,LARSEN & TOUBRO LTD.,2014-06-30,3,1841.1119,1730.7046,871.3442,150.7633,,43.6844,292.4476,149.5964,,,,50.3462,0.0000,15.8843,8.6437
136444,MAHINDRA & MAHINDRA LTD.,1997-06-30,3,224.7559,218.6138,,,,5.7706,30.2019,12.1333,,,,0.0000,0.0000,13.4376,5.5501
136444,MAHINDRA & MAHINDRA LTD.,1997-09-30,3,231.2724,221.6541,,,,6.2968,39.6077,18.9563,,,,0.0000,0.0000,17.126,8.5522
136444,MAHINDRA & MAHINDRA LTD.,1997-12-31,3,215.8427,210.0766,,,,6.5336,35.1569,15.9323,,,,0.0000,0.0000,16.2882,7.5840
136444,MAHINDRA & MAHINDRA LTD.,1998-03-31,3,252.6829,243.3517,,,,7.6396,40.9988,19.4346,,,,0.0000,0.0000,16.2254,7.9862
136444,MAHINDRA & MAHINDRA LTD.,1998-06-30,3,196.8676,191.6753,,,,6.4607,26.3027,8.3029,,,,0.0000,0.0000,13.3606,4.3317
136444,MAHINDRA & MAHINDRA LTD.,1998-09-30,3,197.1178,189.4032,,,,6.7103,28.8569,11.2497,,,,0.0000,0.0000,14.6394,5.9395
136444,MAHINDRA & MAHINDRA LTD.,1998-12-31,3,204.4462,200.2111,,,,6.7498,33.4061,14.8581,,,,0.0000,0.0000,16.3398,7.4212
136444,MAHINDRA & MAHINDRA LTD.,1999-03-31,3,243.3624,235.0533,,,,6.4715,39.6114,19.4382,,,,0.0000,0.0000,16.2767,8.2697
136444,MAHINDRA & MAHINDRA LTD.,1999-06-30,3,207.7946,202.3006,127.2889,24.6956,,6.7134,31.4044,11.8853,,,,62.9207,0.0000,15.1132,5.8751
136444,MAHINDRA & MAHINDRA LTD.,1999-09-30,3,194.1058,189.7712,138.6434,26.7607,,6.944,29.1313,13.3436,,,,73.0582,0.0000,15.0079,7.3074
136444,MAHINDRA & MAHINDRA LTD.,1999-12-31,3,228.2882,226.1656,134.211,21.6629,,7.0669,35.3137,17.9535,,,,59.3419,0.0000,15.4689,7.9077
136444,MAHINDRA & MAHINDRA LTD.,2000-03-31,3,211.1034,202.5094,126.6019,18.4337,,7.6511,34.6834,16.993,,,,62.5166,0.0000,16.4296,8.3912
136444,MAHINDRA & MAHINDRA LTD.,2000-06-30,3,194.7819,189.857,117.7799,25.8352,,7.2587,20.635,7.6704,,,,62.0361,0.0000,10.5939,4.0401
136444,MAHINDRA & MAHINDRA LTD.,2000-09-30,3,188.9647,183.0373,122.2798,24.0341,,7.3917,13.7876,2.9397,,,,66.8060,0.0000,7.2964,1.5692
136444,MAHINDRA & MAHINDRA LTD.,2000-12-31,3,195.3519,193.5551,144.1653,20.7506,,7.54,20.5196,8.8662,,,,74.4828,0.0000,10.5039,4.8415
136444,MAHINDRA & MAHINDRA LTD.,2001-03-31,3,204.4079,202.7198,133.2482,17.5545,,8.2517,17.8891,7.0956,,,,65.7302,0.0000,8.7517,3.1002
136444,MAHINDRA & MAHINDRA LTD.,2001-06-30,3,148.8219,145.9158,95.1505,22.3893,,7.9354,6.2462,-6.0356,,,,65.2092,0.0000,4.1971,-4.3186
136444,MAHINDRA & MAHINDRA LTD.,2001-09-30,3,162.8468,159.7406,98.0964,20.1087,,6.9135,11.002,1.062,,,,61.4098,0.0000,6.756,-0.3508
136444,MAHINDRA & MAHINDRA LTD.,2001-12-31,3,192.8067,191.5151,121.6357,17.5324,,7.5998,20.1638,8.1068,,,,63.5124,0.0000,10.458,2.6498
136444,MAHINDRA & MAHINDRA LTD.,2002-03-31,3,197.8092,186.5165,113.9263,18.9805,,6.7153,30.2794,11.5389,,,,61.0811,0.0000,15.3074,10.3831
136444,MAHINDRA & MAHINDRA LTD.,2002-06-30,3,171.1252,169.183,106.5402,20.4364,,8.2853,17.2444,2.2056,,,,62.9733,0.0000,10.0771,0.9415
136444,MAHINDRA & MAHINDRA LTD.,2002-09-30,3,186.8002,169.4081,120.9229,18.3871,,8.3523,32.5031,-1.4925,,,,71.3797,0.0000,17.3999,7.1006
136444,MAHINDRA & MAHINDRA LTD.,2002-12-31,3,207.3993,199.4184,138.6685,21.0636,,8.521,23.8928,6.5393,,,,69.5365,0.0000,11.5202,3.2073
136444,MAHINDRA & MAHINDRA LTD.,2003-03-31,3,244.3499,235.7334,147.2741,19.0508,,9.0678,25.2618,8.8957,,,,62.4748,0.0000,10.3384,4.3346
136444,MAHINDRA & MAHINDRA LTD.,2003-06-30,3,220.6898,214.7616,151.1893,22.8543,,8.767,24.1966,10.3192,,,,70.3987,0.0000,10.9641,4.2367
136444,MAHINDRA & MAHINDRA LTD.,2003-09-30,3,257.4847,248.4379,180.5215,21.9932,,8.857,32.8655,13.3717,,,,72.6626,0.0000,12.7641,6.4077
136444,MAHINDRA & MAHINDRA LTD.,2003-12-31,3,295.5985,291.2467,193.94,22.1864,,9.0939,38.7314,21.7017,,,,66.5896,0.0000,13.1027,6.5837
136444,MAHINDRA & MAHINDRA LTD.,2004-03-31,3,347.2636,333.3815,212.4235,24.1498,,9.3703,51.7363,25.014,,,,63.7178,0.0000,14.8983,9.7047
136444,MAHINDRA & MAHINDRA LTD.,2004-06-30,3,320.3891,312.6754,217.5965,27.151,,9.3769,43.0597,18.3562,,,,69.5918,0.0000,13.4398,7.3006
136444,MAHINDRA & MAHINDRA LTD.,2004-09-30,3,346.6434,337.1961,275.9094,22.5324,,9.5514,49.7461,26.9773,,,,81.8246,0.0000,14.3508,7.9078
136444,MAHINDRA & MAHINDRA LTD.,2004-12-31,3,410.044,402.9704,277.9897,27.2553,,10.3478,54.8653,30.6159,,,,68.9851,0.0000,13.3804,7.5152
136444,MAHINDRA & MAHINDRA LTD.,2005-03-31,3,448.3749,437.3266,294.5136,26.7636,,11.8631,58.2834,35.7084,,,,67.3441,0.0000,12.9988,7.9903
136444,MAHINDRA & MAHINDRA LTD.,2005-06-30,3,421.6065,415.7009,305.1927,33.0038,,10.6984,49.8189,33.6691,,,,73.4164,0.0000,11.8164,8.0171
136444,MAHINDRA & MAHINDRA LTD.,2005-09-30,3,443.8127,436.0115,323.8532,28.7614,,10.6088,57.1425,36.1368,,,,74.2763,0.0000,12.8754,8.2102
136444,MAHINDRA & MAHINDRA LTD.,2005-12-31,3,504.7486,483.546,350.0126,30.9603,,12.2334,83.4409,40.8693,,,,72.3845,0.0000,16.5312,10.5773
136444,MAHINDRA & MAHINDRA LTD.,2006-03-31,3,557.1547,514.5531,329.7633,31.5409,,11.4518,102.9677,34.0678,,,,64.0873,0.0000,18.481,14.0325
136444,MAHINDRA & MAHINDRA LTD.,2006-06-30,3,498.6049,485.5555,329.1464,35.3769,,10.0509,71.3965,44.657,,,,67.7876,0.0000,14.3192,9.1305
136444,MAHINDRA & MAHINDRA LTD.,2006-09-30,3,584.3434,539.9926,401.8083,35.5933,,10.8714,124.4596,58.6241,,,,74.4100,0.0000,21.299,15.5182
136444,MAHINDRA & MAHINDRA LTD.,2006-12-31,3,591.0092,577.1455,384.2342,39.8257,,11.6972,83.0927,54.2898,,,,66.5749,0.0000,14.0595,9.3822
136444,MAHINDRA & MAHINDRA LTD.,2007-03-31,3,634.2892,618.6097,396.8745,36.6379,,13.842,82.509,56.1243,,,,64.1559,0.0000,13.0081,8.6669
136444,MAHINDRA & MAHINDRA LTD.,2007-06-30,3,653.8596,640.8262,440.8968,46.9367,,14.0047,80.6045,46.8877,,,,68.8013,0.0000,12.3275,7.3168
136444,MAHINDRA & MAHINDRA LTD.,2007-09-30,3,718.4234,696.8518,488.3466,58.5548,,14.296,116.0833,70.885,,,,70.0790,0.0000,16.1581,10.1722
136444,MAHINDRA & MAHINDRA LTD.,2007-12-31,3,802.6902,748.0071,525.9888,56.5999,,14.967,137.14,62.893,,,,70.3187,0.0000,17.085,13.7332
136444,MAHINDRA & MAHINDRA LTD.,2008-03-31,3,793.6105,782.9059,503.7354,53.8498,,16.0717,97.9317,50.9135,,,,64.3418,0.0000,12.34,6.9978
136444,MAHINDRA & MAHINDRA LTD.,2008-06-30,3,780.7823,771.2307,541.2191,51.8776,,14.5049,69.3041,37.2022,,,,70.1760,0.0000,8.8762,4.8237
136444,MAHINDRA & MAHINDRA LTD.,2008-09-30,3,777.6973,730.3419,580.7304,60.5456,,14.6783,84.479,39.2283,,,,79.5149,0.0000,10.8627,7.4123
136444,MAHINDRA & MAHINDRA LTD.,2008-12-31,3,607.283,592.5097,365.7772,53.3984,,14.3436,32.1698,8.9635,,,,61.7335,0.0000,5.2973,1.5128
136444,MAHINDRA & MAHINDRA LTD.,2009-03-31,3,730.0065,711.7814,463.6182,53.1684,,18.1919,127.0876,81.6039,,,,65.1349,0.0000,17.4091,11.4647
136444,MAHINDRA & MAHINDRA LTD.,2009-06-30,3,901.2718,888.0616,597.5183,64.5252,,18.5228,140.6802,83.9062,,,,67.2834,0.0000,15.6091,9.4482
136444,MAHINDRA & MAHINDRA LTD.,2009-09-30,3,993.8314,925.9665,646.0304,60.7219,,18.4129,224.4931,126.384,285.0498,302.7918,,69.7682,0.0000,22.5887,15.6722
136444,MAHINDRA & MAHINDRA LTD.,2009-12-31,3,975.9382,964.4263,636.1741,70.7613,,21.0937,155.0911,88.7197,,,,65.9640,0.0000,15.8915,9.1992
136444,MAHINDRA & MAHINDRA LTD.,2010-03-31,3,1176.0385,1165.904,748.6637,58.4905,,20.8229,195.9844,125.3374,261.2818,276.5133,,64.2131,0.0000,16.6648,10.7502
136444,MAHINDRA & MAHINDRA LTD.,2010-06-30,3,1121.5626,1108.1618,756.1705,67.3689,,20.9645,179.9611,120.7766,,,,68.2365,0.0000,16.0456,10.8988
136444,MAHINDRA & MAHINDRA LTD.,2010-09-30,3,1230.0762,1181.2491,845.587,77.8695,,21.0846,243.3638,164.8705,336.8945,321.1833,,71.5841,0.0000,19.7844,13.9573
136444,MAHINDRA & MAHINDRA LTD.,2010-12-31,3,1395.6589,1355.45,930.8024,76.9568,,22.6267,244.7657,162.687,,,,68.6711,0.0000,17.5376,12.0024
136444,MAHINDRA & MAHINDRA LTD.,2011-03-31,3,1520.5437,1504.6222,1078.3716,92.8283,,26.0194,209.4266,134.8181,376.579,280.1343,878.5761,71.6706,0.0000,13.7731,8.9603
136444,MAHINDRA & MAHINDRA LTD.,2011-06-30,3,1512.1177,1499.8462,1135.2744,89.5572,,24.4985,211.9068,134.8619,,,,75.6927,0.0000,14.0139,8.9917
136444,MAHINDRA & MAHINDRA LTD.,2011-09-30,3,1596.3559,1544.2048,1174.6864,88.8777,,26.3883,237.5012,154.7866,490.3786,405.3486,,76.0706,0.0000,14.8777,10.0237
136444,MAHINDRA & MAHINDRA LTD.,2011-12-31,3,1604.326,1591.6636,1164.7237,84.9327,,26.7375,206.8957,125.7225,,,,73.1765,0.0000,12.8961,7.8988
136444,MAHINDRA & MAHINDRA LTD.,2012-03-31,3,1905.8999,1864.1257,1445.6292,85.3248,,39.6896,233.1439,152.2584,468.6505,383.2303,941.1899,77.5500,0.0000,12.2327,9.3220
136444,MAHINDRA & MAHINDRA LTD.,2012-06-30,3,1682.5344,1671.8526,1260.3534,80.5997,,27.6352,208.6882,129.5092,,,,75.3866,0.0000,12.4032,7.7464
136444,MAHINDRA & MAHINDRA LTD.,2012-09-30,3,1856.1856,1797.0545,1432.6079,86.8589,,32.6687,264.0397,165.1473,534.6813,490.3087,1016.6557,79.7198,0.0000,14.2249,9.1899
136444,MAHINDRA & MAHINDRA LTD.,2012-12-31,3,1985.1269,1971.542,1421.0269,91.1545,,32.7508,235.2303,153.011,,,,72.0769,0.0000,11.8496,7.7610
136444,MAHINDRA & MAHINDRA LTD.,2013-03-31,3,1961.1243,1927.5221,1443.2985,81.3173,,36.5045,266.9812,163.4414,444.7763,405.9154,1025.6028,74.8784,0.0000,13.6137,8.4794
136444,MAHINDRA & MAHINDRA LTD.,2013-06-30,3,1744.42,1716.2966,1233.1915,85.3395,,30.9318,248.5898,160.6115,,,,71.8519,0.0000,14.2506,9.3580
136444,MAHINDRA & MAHINDRA LTD.,2013-09-30,3,1457.2383,1400.6707,1078.8021,78.8005,,30.9025,236.1601,155.2106,443.656,445.4457,810.5192,77.0204,0.0000,16.206,11.0812
136444,MAHINDRA & MAHINDRA LTD.,2013-12-31,3,1720.2824,1704.9958,1181.637,88.5685,,31.4665,238.5548,150.8731,,,,69.3044,0.0000,13.8672,8.8489
136444,MAHINDRA & MAHINDRA LTD.,2014-03-31,3,1862.8888,1802.9846,1362.3906,100.7425,,47.6759,208.4882,111.8858,459.506,411.3548,994.657,75.5631,0.0000,11.1917,8.1529
136444,MAHINDRA & MAHINDRA LTD.,2014-06-30,3,1749.7552,1718.0277,1231.8473,97.5729,,41.5113,244.2597,147.6259,,,,71.7012,0.0000,13.9596,8.5928
140829,MARUTI SUZUKI INDIA LTD.,2002-12-31,3,388.2302,372.3307,285.646,11.3419,,17.044,37.0773,10.3199,,,,76.7184,0.0000,9.5503,2.7717
140829,MARUTI SUZUKI INDIA LTD.,2003-03-31,3,471.7733,454.9202,355.5732,12.993,,16.9622,41.8,13.9124,,,,78.1617,0.0000,8.8602,2.4768
140829,MARUTI SUZUKI INDIA LTD.,2003-06-30,3,451.2771,436.9586,341.0478,12.6143,,17.4399,56.6743,25.7531,,,,78.0504,0.0000,12.5586,5.8937
140829,MARUTI SUZUKI INDIA LTD.,2003-09-30,3,496.5398,472.0123,353.4989,14.0784,,32.5536,72.6426,27.0422,,,,74.8919,0.0000,14.6298,5.7291
140829,MARUTI SUZUKI INDIA LTD.,2003-12-31,3,521.4856,497.902,363.8423,30.3657,,24.7001,70.0754,24.3952,,,,73.0751,0.0000,13.4376,6.2005
140829,MARUTI SUZUKI INDIA LTD.,2004-03-31,3,638.6122,618.8787,478.9825,7.9018,,33.6756,86.8403,34.9107,,,,77.3952,0.0000,13.5983,5.6410
140829,MARUTI SUZUKI INDIA LTD.,2004-06-30,3,564.2468,544.7173,429.2105,10.1261,,26.2128,86.9213,37.5517,,,,78.7951,0.0000,15.4048,6.8938
140829,MARUTI SUZUKI INDIA LTD.,2004-09-30,3,589.4386,569.8803,479.3473,8.675,,26.0531,87.8453,39.8281,,,,84.1137,0.0000,14.9032,6.9889
140829,MARUTI SUZUKI INDIA LTD.,2004-12-31,3,668.109,639.1165,479.8365,13.1377,,23.9197,109.1327,45.7545,,,,75.0781,0.0000,16.3346,8.5262
140829,MARUTI SUZUKI INDIA LTD.,2005-03-31,3,719.1806,696.997,528.7343,11.9409,,25.6855,117.2831,59.3843,,,,75.8589,0.0000,16.3079,8.5200
140829,MARUTI SUZUKI INDIA LTD.,2005-06-30,3,624.897,602.3576,491.308,12.8597,,17.9622,97.0497,51.9572,,,,81.5642,0.0000,15.5305,8.6256
140829,MARUTI SUZUKI INDIA LTD.,2005-09-30,3,716.5576,691.7218,508.6016,13.1204,,15.1446,104.4938,59.809,,,,73.5269,0.0000,14.5827,8.6464
140829,MARUTI SUZUKI INDIA LTD.,2005-12-31,3,705.1341,680.0911,524.4285,12.7921,,14.9106,125.4187,74.2702,,,,77.1115,0.0000,17.7865,10.9206
140829,MARUTI SUZUKI INDIA LTD.,2006-03-31,3,762.6181,736.7064,600.768,12.7423,,16.3123,135.2056,81.1386,,,,81.5478,0.0000,17.7291,11.0137
140829,MARUTI SUZUKI INDIA LTD.,2006-06-30,3,709.7459,678.6312,517.0392,13.588,,13.9115,130.2559,80.2445,,,,76.1885,0.0000,18.3525,11.8245
140829,MARUTI SUZUKI INDIA LTD.,2006-09-30,3,767.7392,737.3192,561.4991,15.4702,,12.9247,129.5115,79.6687,,,,76.1541,0.0000,16.8692,10.8052
140829,MARUTI SUZUKI INDIA LTD.,2006-12-31,3,853.1293,820.9322,581.2186,16.541,,16.9958,142.3988,84.3316,,,,70.7998,0.0000,16.6914,10.2727
140829,MARUTI SUZUKI INDIA LTD.,2007-03-31,3,1053.0579,1002.4736,744.2278,18.3212,,16.3133,168.8839,104.7234,,,,74.2391,0.0000,16.0375,10.1635
140829,MARUTI SUZUKI INDIA LTD.,2007-06-30,3,1018.8561,964.1003,761.3381,19.7342,,20.1609,195.7328,122.5354,,,,78.9688,0.0000,19.211,12.7098
140829,MARUTI SUZUKI INDIA LTD.,2007-09-30,3,1179.2985,1159.824,871.475,22.5409,,21.8443,194.9058,115.642,,,,75.1386,0.0000,16.5273,9.9707
140829,MARUTI SUZUKI INDIA LTD.,2007-12-31,3,1228.3976,1206.752,864.8732,24.5309,,21.9904,198.7627,118.4178,,,,71.6695,0.0000,16.1806,9.8129
140829,MARUTI SUZUKI INDIA LTD.,2008-03-31,3,1243.7736,1224.8747,962.943,21.8105,,77.0925,186.7645,75.97,,,,78.6156,0.0000,15.016,6.0220
140829,MARUTI SUZUKI INDIA LTD.,2008-06-30,3,1186.9127,1135.028,851.1583,25.9622,,38.7809,185.0584,108.7926,,,,74.9901,0.0000,15.5916,9.5850
140829,MARUTI SUZUKI INDIA LTD.,2008-09-30,3,1117.0354,1095.9573,823.8873,25.5618,,36.3972,134.2617,64.9899,,,,75.1751,0.0000,12.0195,5.9300
140829,MARUTI SUZUKI INDIA LTD.,2008-12-31,3,987.5231,950.9929,749.0374,22.6903,,36.4891,97.5435,43.9066,,,,78.7637,0.0000,9.8776,4.6169
140829,MARUTI SUZUKI INDIA LTD.,2009-03-31,3,1276.2319,1255.6508,960.1027,25.9781,,38.4802,108.2808,47.457,,,,76.4626,0.0000,8.4844,3.7795
140829,MARUTI SUZUKI INDIA LTD.,2009-06-30,3,1404.443,1359.1188,1049.6739,27.9569,,41.0457,211.351,122.147,,,,77.2319,0.0000,15.0487,8.9872
140829,MARUTI SUZUKI INDIA LTD.,2009-09-30,3,1509.9125,1487.2014,1129.4497,26.0679,,41.9312,211.8442,117.674,216.7927,182.3989,,75.9446,0.0000,14.0302,7.9124
140829,MARUTI SUZUKI INDIA LTD.,2009-12-31,3,1632.6978,1613.1289,1226.9505,28.4045,,43.487,262.7407,147.4437,,,,76.0603,0.0000,16.0924,9.1402
140829,MARUTI SUZUKI INDIA LTD.,2010-03-31,3,1883.1993,1865.0996,1406.6223,33.707,,49.0219,261.5587,144.303,265.682,178.0078,,75.4181,0.0000,13.8891,7.7370
140829,MARUTI SUZUKI INDIA LTD.,2010-06-30,3,1806.0153,1784.4452,1364.8359,34.5671,,51.9065,191.7147,99.9388,,,,76.4852,0.0000,10.6153,5.6006
140829,MARUTI SUZUKI INDIA LTD.,2010-09-30,3,2017.6632,1988.3122,1570.2225,34.0875,,51.7746,237.8622,130.0375,312.9211,204.6356,,78.9726,0.0000,11.789,6.5401
140829,MARUTI SUZUKI INDIA LTD.,2010-12-31,3,2131.2737,2102.4445,1615.5659,51.4736,,52.4678,228.0958,125.1509,,,,76.8423,0.0000,10.7023,5.9526
140829,MARUTI SUZUKI INDIA LTD.,2011-03-31,3,2249.7938,2223.9367,1750.8107,34.0946,,65.9421,251.083,146.6698,314.5134,183.2605,579.7664,78.7257,0.0000,11.1603,6.5951
140829,MARUTI SUZUKI INDIA LTD.,2011-06-30,3,1925.9339,1884.8898,1505.0522,39.9872,,54.0603,221.7235,122.4544,,,,79.8483,0.0000,11.5125,6.4966
140829,MARUTI SUZUKI INDIA LTD.,2011-09-30,3,1646.9242,1610.9638,1243.8259,41.8695,,55.9149,128.4549,50.4739,376.1789,212.9496,,77.2100,0.0000,7.7997,3.1331
140829,MARUTI SUZUKI INDIA LTD.,2011-12-31,3,1501.1525,1467.9993,1183.4107,39.6866,,56.7579,109.7107,39.0411,,,,80.6138,0.0000,7.3084,2.6595
140829,MARUTI SUZUKI INDIA LTD.,2012-03-31,3,2389.3369,2330.348,1845.4067,48.8405,,65.6896,229.5869,127.1466,356.9918,186.3283,665.6718,79.1902,0.0000,9.6088,5.4561
140829,MARUTI SUZUKI INDIA LTD.,2012-06-30,3,1943.6837,1923.6391,1522.5933,40.4855,,60.6657,160.3944,75.6327,,,,79.1517,0.0000,8.2521,3.9318
140829,MARUTI SUZUKI INDIA LTD.,2012-09-30,3,1549.6065,1520.9795,1163.175,41.0561,,63.5537,121.7581,41.6531,369.9296,174.7488,544.6692,76.4754,0.0000,7.8574,2.7386
140829,MARUTI SUZUKI INDIA LTD.,2012-12-31,3,2084.0198,2049.505,1637.3731,42.2862,,65.5694,197.6047,91.729,,,,79.8911,0.0000,9.4819,4.4757
140829,MARUTI SUZUKI INDIA LTD.,2013-03-31,3,2518.7394,2445.4013,1591.9598,71.2169,,149.9682,440.8851,227.8537,338.3452,270.185,764.2572,65.1001,0.0000,17.5042,9.3176
140829,MARUTI SUZUKI INDIA LTD.,2013-06-30,3,1788.0684,1753.0832,1274.9425,50.5358,,82.2245,234.6814,108.1577,,,,72.7257,0.0000,13.1249,6.1696
140829,MARUTI SUZUKI INDIA LTD.,2013-09-30,3,1657.8403,1641.9945,1175.6287,58.4028,,78.2986,223.1221,105.1307,342.1268,207.841,625.4978,71.5976,0.0000,13.4586,6.4026
140829,MARUTI SUZUKI INDIA LTD.,2013-12-31,3,1778.507,1759.6167,1234.1694,48.4023,,87.4459,237.7213,110.0221,,,,70.1385,0.0000,13.3663,6.2526
140829,MARUTI SUZUKI INDIA LTD.,2014-03-31,3,2050.0229,1983.3792,1428.8458,65.7243,,92.387,271.1099,131.1256,279.5998,231.6927,802.6879,72.0410,0.0000,13.2247,6.6112
140829,MARUTI SUZUKI INDIA LTD.,2014-06-30,3,1953.128,1903.4835,1394.9862,59.184,,97.7119,272.0092,127.6195,,,,73.2860,0.0000,13.9269,6.7045
155695,N T P C LTD.,1997-06-30,3,782.0286,770.331,,,,122.5365,330.1511,115.6179,,,,0.0000,0.0000,42.2173,15.0089
155695,N T P C LTD.,1997-09-30,3,882.2209,862.2976,,,,122.0511,377.4805,156.5901,,,,0.0000,0.0000,42.7875,18.1596
155695,N T P C LTD.,1997-12-31,3,818.5825,801.4786,,,,112.9379,348.7804,124.0685,,,,0.0000,0.0000,42.6078,15.4800
155695,N T P C LTD.,1998-03-31,3,878.9888,841.6719,,,,106.3421,375.8388,173.3517,,,,0.0000,0.0000,42.7581,20.5961
155695,N T P C LTD.,1998-06-30,3,759.4676,747.1437,,,,111.4512,296.8389,111.0671,,,,0.0000,0.0000,39.0851,14.8656
155695,N T P C LTD.,1998-09-30,3,764.2879,742.6494,,,,107.5813,320.3259,140.0297,,,,0.0000,0.0000,41.9117,18.8554
155695,N T P C LTD.,1998-12-31,3,770.4276,754.4296,,,,108.745,309.8185,141.1146,,,,0.0000,0.0000,40.2138,18.7048
155695,N T P C LTD.,1999-03-31,3,1077.7009,1053.5698,,,,140.4562,483.7163,271.2722,,,,0.0000,0.0000,44.8841,25.7479
155695,N T P C LTD.,1999-06-30,3,861.1295,840.7411,,,,115.4755,345.418,158.0604,,,,0.0000,0.0000,40.1122,18.8001
155695,N T P C LTD.,1999-09-30,3,847.4526,825.3664,,19.966,432.184,123.2186,332.0141,140.2926,,,,0.0000,52.3627,39.1779,16.9976
155695,N T P C LTD.,1999-12-31,3,915.3767,892.3111,,32.039,465.966,118.9872,347.9102,166.1742,,,,0.0000,52.2201,38.0073,18.6229
155695,N T P C LTD.,2000-03-31,3,1155.1048,1051.8874,,,,133.7781,525.7223,318.152,,,,0.0000,0.0000,45.513,30.2458
155695,N T P C LTD.,2000-06-30,3,932.5121,911.7048,,,,131.5522,362.6301,166.8032,,,,0.0000,0.0000,38.8874,18.2957
155695,N T P C LTD.,2000-09-30,3,948.1161,926.4377,,44.9432,480.1804,128.9481,345.4118,152.6488,,,,0.0000,51.8308,36.4314,16.4770
155695,N T P C LTD.,2000-12-31,3,1109.7699,1079.1478,,30.0788,592.3466,143.9578,401.3412,182.5884,,,,0.0000,54.8902,36.1644,16.9197
155695,N T P C LTD.,2003-03-31,3,1210.1316,1042.2094,,47.6899,624.3349,87.6554,426.3965,67.5257,,,,0.0000,59.9049,35.2356,18.6015
155695,N T P C LTD.,2003-06-30,3,1133.85,1025.7124,585.2619,48.0635,,102.8496,434.8627,121.7967,,,,57.0591,0.0000,38.3528,18.8812
155695,N T P C LTD.,2003-09-30,3,1715.6411,759.8609,604.9007,42.6822,,108.6357,689.7853,656.3069,,,,79.6068,0.0000,40.2057,62.0321
155695,N T P C LTD.,2003-12-31,3,1296.4868,1176.2435,708.8695,45.2941,,112.2373,433.4418,201.6192,,,,60.2655,0.0000,33.432,15.2743
155695,N T P C LTD.,2004-03-31,3,1697.1307,1162.0178,772.1905,57.0479,,118.4055,606.4894,368.812,,,,66.4526,0.0000,35.7362,26.3038
155695,N T P C LTD.,2004-06-30,3,1319.2313,1140.5465,700.4805,52.2894,,105.1281,470.3192,209.5531,,,,61.4162,0.0000,35.651,20.3051
155695,N T P C LTD.,2004-09-30,3,1323.8507,1138.8105,679.9196,54.1671,,105.5575,484.5536,204.6288,,,,59.7044,0.0000,36.6018,20.8393
155695,N T P C LTD.,2004-12-31,3,1518.8811,1295.5089,783.5991,51.9095,,113.255,580.7814,257.0918,,,,60.4858,0.0000,38.2375,23.9658
155695,N T P C LTD.,2005-03-31,3,1790.5928,1471.0231,905.1499,43.2136,,113.344,729.366,548.3635,,,,61.5320,0.0000,40.7332,35.6844
155695,N T P C LTD.,2005-06-30,3,1587.5088,1389.6008,877.3479,55.0866,,111.8022,551.8298,269.032,,,,63.1367,0.0000,34.7607,21.6075
155695,N T P C LTD.,2005-09-30,3,1554.7687,1349.3562,839.2518,52.0761,,120.2282,501.2467,242.5284,,,,62.1965,0.0000,32.2393,19.6341
155695,N T P C LTD.,2005-12-31,3,1761.2032,1504.8362,917.637,54.2879,,110.92,655.4206,369.3245,,,,60.9792,0.0000,37.2144,25.9387
155695,N T P C LTD.,2006-03-31,3,1882.7658,1721.7565,1055.8002,56.6073,,118.2728,637.9224,373.5227,,,,61.3211,0.0000,33.8822,20.4513
155695,N T P C LTD.,2006-06-30,3,1767.2156,1530.8486,991.6297,58.0821,,103.245,627.6992,258.7313,,,,64.7765,0.0000,35.5191,22.0243
155695,N T P C LTD.,2006-09-30,3,1817.9137,1672.7304,939.4419,58.0863,,103.6404,734.1775,317.4259,,,,56.1622,0.0000,40.3857,19.1048
155695,N T P C LTD.,2006-12-31,3,2121.2067,1907.9636,1172.053,62.9334,,115.1127,802.2046,469.0318,,,,61.4295,0.0000,37.8183,24.6979
155695,N T P C LTD.,2007-03-31,3,2168.4478,2010.3122,1291.7287,78.3864,,138.1245,687.3516,394.0216,,,,64.2551,0.0000,31.6979,19.6000
155695,N T P C LTD.,2007-06-30,3,2470.1277,2072.3022,1305.5511,148.3571,,120.5266,931.0064,456.1303,,,,63.0000,0.0000,37.6906,28.0493
155695,N T P C LTD.,2007-09-30,3,2168.8448,1957.3426,1095.7536,102.3575,,127.2757,832.5434,346.6262,,,,55.9817,0.0000,38.3865,24.3859
155695,N T P C LTD.,2007-12-31,3,2561.0827,2450.2307,1388.6993,122.1095,,133.5117,937.2819,420.8722,,,,56.6763,0.0000,36.5971,18.4186
155695,N T P C LTD.,2008-03-31,3,2846.4914,2771.3589,1684.9643,98.2712,,150.431,883.6302,331.9102,,,,60.7992,0.0000,31.0428,11.9764
155695,N T P C LTD.,2008-06-30,3,2395.3059,2310.9972,1433.5708,134.9603,,129.0145,718.9584,388.7763,,,,62.0326,0.0000,30.0153,17.4473
155695,N T P C LTD.,2008-09-30,3,2283.8666,2190.3323,1307.146,132.7056,,115.5847,702.3374,438.8201,,,,59.6780,0.0000,30.7521,21.1473
155695,N T P C LTD.,2008-12-31,3,2493.3936,2331.2515,1439.1769,135.7513,,114.9215,834.6426,355.1424,,,,61.7341,0.0000,33.4742,19.8499
155695,N T P C LTD.,2009-03-31,3,2461.7424,2378.9497,1564.6261,121.0679,,141.7855,660.9163,381.8503,,,,65.7696,0.0000,26.8475,17.3400
155695,N T P C LTD.,2009-06-30,3,2675.3625,2622.8252,1620.6985,123.5871,,128.2696,827.2247,459.6325,,,,61.7921,0.0000,30.9201,17.5067
155695,N T P C LTD.,2009-09-30,3,2379.0363,2322.8252,1363.9534,104.0548,,132.8994,800.9843,444.2772,558.3818,1158.8434,,58.7196,0.0000,33.6684,19.1259
155695,N T P C LTD.,2009-12-31,3,2567.0813,2469.4703,1451.2674,122.7321,,141.8314,874.3234,465.8953,,,,58.7684,0.0000,34.059,20.5380
155695,N T P C LTD.,2010-03-31,3,2890.7381,2814.4446,1834.3619,163.8775,,160.9214,745.3097,441.1732,735.7928,1461.9236,,65.1767,0.0000,25.7827,15.7565
155695,N T P C LTD.,2010-06-30,3,2902.707,2784.7373,1868.8722,146.8544,,146.6181,715.4205,387.1232,,,,67.1113,0.0000,24.6467,14.2045
155695,N T P C LTD.,2010-09-30,3,3342.1135,2798.025,1870.9342,154.1521,,110.0484,848.5323,35.359,661.9773,1023.8756,,66.8662,0.0000,25.3891,16.3713
155695,N T P C LTD.,2010-12-31,3,3136.7609,2939.939,1846.5027,152.4654,,132.5425,899.4754,525.5308,,,,62.8075,0.0000,28.6753,17.8622
155695,N T P C LTD.,2011-03-31,3,3598.7086,3372.9848,2161.74,157.4123,,155.1784,959.1527,524.4379,808.8821,318.9544,908.6587,64.0898,0.0000,26.6527,18.3319
155695,N T P C LTD.,2011-06-30,3,3435.4095,3284.4724,2173.7857,154.0005,,142.9441,861.1917,516.4386,,,,66.1837,0.0000,25.0681,14.0908
155695,N T P C LTD.,2011-09-30,3,3439.8375,2862.2312,2235.4608,164.7008,,138.1824,849.0759,141.7698,656.7776,2341.8349,,78.1020,0.0000,24.6836,17.7783
155695,N T P C LTD.,2011-12-31,3,3173.5298,2980.5478,2049.3225,136.4824,,143.5475,775.097,374.3326,,,,68.7566,0.0000,24.4238,13.5712
155695,N T P C LTD.,2012-03-31,3,3386.6641,3214.6474,2075.1843,180.347,,146.3069,969.8667,478.7075,735.8166,1159.0148,886.4038,64.5540,0.0000,28.6378,16.0316
155695,N T P C LTD.,2012-06-30,3,3006.9498,2865.6202,1891.4367,141.6598,,135.6809,805.9075,426.3412,,,,66.0044,0.0000,26.8015,15.5622
155695,N T P C LTD.,2012-09-30,3,3144.5249,2806.9564,1818.9753,164.7261,,144.036,965.5531,387.9863,573.245,1124.6241,930.37,64.8024,0.0000,30.7058,20.5012
155695,N T P C LTD.,2012-12-31,3,3026.7782,2887.0867,1847.8252,130.1396,,151.6514,869.1577,469.6957,,,,64.0031,0.0000,28.7156,16.4585
155695,N T P C LTD.,2013-03-31,3,3664.1601,3192.1727,1909.722,181.6036,,187.7171,1353.1878,495.8257,745.7494,986.1371,943.3812,59.8251,0.0000,36.9304,25.2299
155695,N T P C LTD.,2013-06-30,3,2806.8607,2653.1435,1614.117,162.4661,,161.3684,858.1329,398.365,,,,60.8379,0.0000,30.5727,16.3104
155695,N T P C LTD.,2013-09-30,3,2675.8977,2556.4491,1590.4182,133.5156,,151.8287,767.9606,372.5932,711.8479,977.949,815.1245,62.2120,0.0000,28.6992,15.2958
155695,N T P C LTD.,2013-12-31,3,3163.6222,2939.3461,1910.913,190.5418,,165.4458,872.9985,358.8627,,,,65.0115,0.0000,27.5949,15.7234
155695,N T P C LTD.,2014-03-31,3,3546.3779,3448.1971,2365.7046,146.6303,,197.9283,842.6902,507.0213,880.6749,855.5545,1087.1833,68.6070,0.0000,23.762,14.7040
155695,N T P C LTD.,2014-06-30,3,3283.1978,3031.3859,2137.1137,156.4087,,186.7499,802.3763,208.5192,,,,70.4996,0.0000,24.4389,12.1568
163226,OIL & NATURAL GAS CORPN. LTD.,1995-03-31,12,,,,,,,,,,,,0,0,0.0,0
163226,OIL & NATURAL GAS CORPN. LTD.,1997-12-31,3,953.247,921.981,,,,198.5163,384.9682,129.6888,,,,0.0000,0.0000,40.3849,14.0663
163226,OIL & NATURAL GAS CORPN. LTD.,1998-03-31,3,1187.5142,1092.8784,,,,287.8171,683.4045,264.3892,,,,0.0000,0.0000,57.5492,24.1920
163226,OIL & NATURAL GAS CORPN. LTD.,1998-06-30,3,868.7399,826.7584,,,,164.9007,399.6648,159.993,,,,0.0000,0.0000,46.0051,19.3518
163226,OIL & NATURAL GAS CORPN. LTD.,1998-09-30,3,903.7249,861.8849,,,,196.1582,419.9997,137.2731,,,,0.0000,0.0000,46.4743,15.9271
163226,OIL & NATURAL GAS CORPN. LTD.,1998-12-31,3,986.7048,941.6744,,,,187.9499,426.7728,145.9584,,,,0.0000,0.0000,43.2523,15.4999
163226,OIL & NATURAL GAS CORPN. LTD.,1999-03-31,3,1000.8575,896.2858,,,,203.056,544.8367,206.1351,,,,0.0000,0.0000,54.437,22.9988
163226,OIL & NATURAL GAS CORPN. LTD.,1999-06-30,3,886.3837,846.5203,9.6784,34.7634,,190.1881,403.1801,140.2684,,,,1.1433,0.0000,45.486,16.5700
163226,OIL & NATURAL GAS CORPN. LTD.,1999-09-30,3,818.7991,750.0896,13.5963,42.8791,,216.7134,534.4306,207.346,,,,1.8126,0.0000,65.27,27.6428
163226,OIL & NATURAL GAS CORPN. LTD.,1999-12-31,3,1142.1035,1098.0947,8.1753,67.8656,,319.4334,817.9006,290.0528,,,,0.7445,0.0000,71.6135,26.4142
163226,OIL & NATURAL GAS CORPN. LTD.,2000-03-31,3,1079.1468,1003.2807,14.7286,27.9775,,206.3338,679.2281,197.4025,,,,1.4680,0.0000,62.9412,19.6757
163226,OIL & NATURAL GAS CORPN. LTD.,2000-06-30,3,976.9797,927.9228,10.3556,93.2044,,229.2766,640.9367,209.8767,,,,1.1160,0.0000,65.6039,22.6179
163226,OIL & NATURAL GAS CORPN. LTD.,2000-09-30,3,1054.8105,996.169,13.1883,8.8867,,194.0988,789.0388,347.7021,,,,1.3239,0.0000,74.8038,34.9039
163226,OIL & NATURAL GAS CORPN. LTD.,2000-12-31,3,1062.2304,1017.2961,9.7197,35.3879,,240.2969,787.029,300.2749,,,,0.9554,0.0000,74.0921,29.5170
163226,OIL & NATURAL GAS CORPN. LTD.,2001-03-31,3,1150.4874,991.3278,19.3499,46.205,,303.4116,824.515,277.0133,,,,1.9519,0.0000,71.6666,27.9437
163226,OIL & NATURAL GAS CORPN. LTD.,2001-06-30,3,959.2209,903.4561,9.6182,46.9423,,183.9675,685.7705,314.1423,,,,1.0646,0.0000,71.4924,34.7712
163226,OIL & NATURAL GAS CORPN. LTD.,2001-09-30,3,930.1326,839.848,16.3267,25.8742,,150.5835,699.9895,349.7439,,,,1.9440,0.0000,75.257,41.6437
163226,OIL & NATURAL GAS CORPN. LTD.,2001-12-31,3,928.8749,873.3145,6.6315,45.0998,,209.83,692.8088,294.1535,,,,0.7594,0.0000,74.5858,33.6824
163226,OIL & NATURAL GAS CORPN. LTD.,2002-03-31,3,1129.5071,991.0319,11.4938,25.347,,251.8332,828.6089,337.5524,,,,1.1598,0.0000,73.3602,34.0607
163226,OIL & NATURAL GAS CORPN. LTD.,2002-06-30,3,1128.2816,1014.1587,9.7148,54.5414,,194.3084,856.992,403.8475,,,,0.9579,0.0000,75.9555,39.8874
163226,OIL & NATURAL GAS CORPN. LTD.,2002-09-30,3,1296.7346,1113.9971,10.8254,103.184,,202.4045,975.3951,417.2839,,,,0.9718,0.0000,75.2193,42.1874
163226,OIL & NATURAL GAS CORPN. LTD.,2002-12-31,3,1255.3531,1134.0445,7.7565,32.3369,,200.8413,1034.1919,501.7034,,,,0.6840,0.0000,82.3826,47.5056
163226,OIL & NATURAL GAS CORPN. LTD.,2003-03-31,3,2122.1991,2032.5958,9.9284,13.6521,,269.9413,1465.111,767.6502,,,,0.4885,0.0000,69.0374,37.9868
163226,OIL & NATURAL GAS CORPN. LTD.,2003-06-30,3,1300.1563,1241.0392,7.2106,47.4791,,270.8857,1049.2004,456.9869,,,,0.5810,0.0000,80.698,36.8229
163226,OIL & NATURAL GAS CORPN. LTD.,2003-09-30,3,1525.1938,1424.015,8.9617,60.7932,,283.094,1195.361,616.1329,,,,0.6293,0.0000,78.3744,43.2673
163226,OIL & NATURAL GAS CORPN. LTD.,2003-12-31,3,1203.1129,1126.7841,12.7745,32.524,,293.7384,903.4084,376.9458,,,,1.1337,0.0000,75.0892,33.4532
163226,OIL & NATURAL GAS CORPN. LTD.,2004-03-31,3,1472.2869,1362.5008,6.0114,68.0798,,370.8469,1053.3313,438.1226,,,,0.4412,0.0000,71.5439,32.3866
163226,OIL & NATURAL GAS CORPN. LTD.,2004-06-30,3,1819.4038,1753.0467,298.4078,69.5361,,356.6688,1198.4274,507.1195,,,,17.0222,0.0000,65.8692,28.9279
163226,OIL & NATURAL GAS CORPN. LTD.,2004-09-30,3,2113.265,2010.636,261.6051,61.111,,332.658,1482.022,734.0585,,,,13.0111,0.0000,70.1295,36.5088
163226,OIL & NATURAL GAS CORPN. LTD.,2004-12-31,3,2268.6288,2163.6729,337.3344,48.2169,,292.4666,1534.3107,794.2902,,,,15.5908,0.0000,67.6316,36.7103
163226,OIL & NATURAL GAS CORPN. LTD.,2005-03-31,3,2315.9464,2202.3987,283.2731,44.0948,,402.4788,1573.1151,868.629,,,,12.8620,0.0000,67.9254,39.4674
163226,OIL & NATURAL GAS CORPN. LTD.,2005-06-30,3,1988.8886,1920.3068,222.3471,64.4016,,310.1301,1469.2091,761.4573,,,,11.5787,0.0000,73.8709,39.6529
163226,OIL & NATURAL GAS CORPN. LTD.,2005-09-30,3,2477.6724,2280.9718,288.7502,53.5653,,440.9163,1804.8068,963.4238,,,,12.6591,0.0000,72.8428,41.3113
163226,OIL & NATURAL GAS CORPN. LTD.,2005-12-31,3,2263.4542,2140.2504,126.2074,55.6484,,440.7488,1735.7746,851.7291,,,,5.8969,0.0000,76.687,39.7958
163226,OIL & NATURAL GAS CORPN. LTD.,2006-03-31,3,2549.6708,2264.0355,223.3875,113.0145,,709.8123,1797.5806,549.7045,,,,9.8668,0.0000,70.5025,30.6418
163226,OIL & NATURAL GAS CORPN. LTD.,2006-06-30,3,2585.7324,2494.549,379.8222,64.5851,,484.3851,1851.9786,894.3536,,,,15.2261,0.0000,71.623,35.8523
163226,OIL & NATURAL GAS CORPN. LTD.,2006-09-30,3,2607.6278,2403.8789,368.4569,136.04,,400.5247,1730.1294,905.0064,,,,15.3276,0.0000,66.3488,37.6478
163226,OIL & NATURAL GAS CORPN. LTD.,2006-12-31,3,2959.771,2801.9357,345.1568,112.478,,573.0074,2153.8854,1045.8972,,,,12.3185,0.0000,72.772,37.3277
163226,OIL & NATURAL GAS CORPN. LTD.,2007-03-31,3,2737.4703,2170.9577,305.189,353.1726,,650.4707,1569.2201,537.5271,,,,14.0578,0.0000,57.3237,28.0572
163226,OIL & NATURAL GAS CORPN. LTD.,2007-06-30,3,2851.8122,2646.0798,341.2301,62.3665,,430.3356,2148.8059,1130.8107,,,,12.8957,0.0000,75.3488,42.7353
163226,OIL & NATURAL GAS CORPN. LTD.,2007-09-30,3,3348.3788,3045.4338,421.0932,90.9296,,492.5954,2406.0635,1243.6044,,,,13.8270,0.0000,71.8576,41.4926
163226,OIL & NATURAL GAS CORPN. LTD.,2007-12-31,3,3310.9229,3039.8453,423.3012,91.5923,,560.7885,2332.8017,1029.5943,,,,13.9251,0.0000,70.4577,36.4208
163226,OIL & NATURAL GAS CORPN. LTD.,2008-03-31,3,3538.4707,3052.534,603.0647,40.3997,,952.625,1935.4605,650.8436,,,,19.7562,0.0000,54.6977,21.3256
163226,OIL & NATURAL GAS CORPN. LTD.,2008-06-30,3,4206.0673,3991.5063,645.6142,67.6483,,653.2018,3000.6586,1539.6824,,,,16.1747,0.0000,71.3412,38.8280
163226,OIL & NATURAL GAS CORPN. LTD.,2008-09-30,3,3460.2471,3153.6432,637.0402,60.5873,,479.1524,2173.2925,1055.309,,,,20.2001,0.0000,62.8074,33.4632
163226,OIL & NATURAL GAS CORPN. LTD.,2008-12-31,3,2360.8453,2089.0631,369.2434,80.3772,,588.0239,1337.6883,450.225,,,,17.6751,0.0000,56.6614,24.3545
163226,OIL & NATURAL GAS CORPN. LTD.,2009-03-31,3,2569.6797,2221.2833,355.552,90.9771,,828.4809,1455.7988,273.5753,,,,16.0066,0.0000,56.6529,19.3916
163226,OIL & NATURAL GAS CORPN. LTD.,2009-06-30,3,2697.6196,2532.6812,23.9965,52.5897,,665.4114,2207.4493,1014.7697,,,,0.9475,0.0000,81.8295,40.0670
163226,OIL & NATURAL GAS CORPN. LTD.,2009-09-30,3,2755.3846,2550.285,27.1889,58.7668,,486.3983,2059.1549,1050.6246,1029.5981,576.2724,,1.0661,0.0000,74.732,41.2007
163226,OIL & NATURAL GAS CORPN. LTD.,2009-12-31,3,2659.8349,2659.8349,29.7448,65.3506,,1002.7429,1995.4,654.8531,,,,1.1183,0.0000,75.0197,24.6201
163226,OIL & NATURAL GAS CORPN. LTD.,2010-03-31,3,2995.3251,2887.9489,44.0327,58.4751,,977.632,2177.3638,825.7506,1028.3023,672.2581,,1.5247,0.0000,72.6921,28.7407
163226,OIL & NATURAL GAS CORPN. LTD.,2010-06-30,3,2440.2968,2352.8461,29.9864,59.8997,,668.8078,1846.9907,786.2513,,,,1.2745,0.0000,75.6871,33.4170
163226,OIL & NATURAL GAS CORPN. LTD.,2010-09-30,3,3447.5429,3165.0053,32.3789,66.4925,,956.4288,2743.5225,1085.7751,1106.8184,1267.0894,,1.0230,0.0000,79.5791,37.0091
163226,OIL & NATURAL GAS CORPN. LTD.,2010-12-31,3,3907.3099,3746.2328,31.9626,64.5141,,806.2561,3157.4987,1555.6289,,,,0.8532,0.0000,80.81,41.8689
163226,OIL & NATURAL GAS CORPN. LTD.,2011-03-31,3,2978.3483,2765.2719,44.9794,94.9177,,513.0842,1352.6979,618.5532,915.5425,887.9138,1161.4488,1.6266,0.0000,45.4177,22.4331
163226,OIL & NATURAL GAS CORPN. LTD.,2011-06-30,3,2987.2402,2800.0615,33.3164,69.0697,,409.4685,1763.8066,912.9845,,,,1.1898,0.0000,59.0447,32.6059
163226,OIL & NATURAL GAS CORPN. LTD.,2011-09-30,3,4101.3277,3788.0181,34.7009,68.7637,,380.3814,2995.1636,1786.2086,956.7913,1582.1027,1160.4857,0.9161,0.0000,73.0291,47.8912
163226,OIL & NATURAL GAS CORPN. LTD.,2011-12-31,3,3560.5818,2725.1118,29.0159,63.9957,,421.897,2439.2758,682.2885,,,,1.0648,0.0000,68.5078,46.9703
163226,OIL & NATURAL GAS CORPN. LTD.,2012-03-31,3,3269.4215,2975.9355,37.4739,66.5143,,268.118,1886.8788,1025.7656,1026.4551,1231.0117,945.8756,1.2592,0.0000,57.7129,37.6900
163226,OIL & NATURAL GAS CORPN. LTD.,2012-06-30,3,2846.3912,2661.0512,26.8856,58.9738,,356.5179,1957.5906,1084.7225,,,,1.0103,0.0000,68.7745,40.7629
163226,OIL & NATURAL GAS CORPN. LTD.,2012-09-30,3,2989.0689,2618.731,21.4757,99.7861,,301.8178,1888.3946,1057.6605,988.2045,1234.2224,1200.1967,0.8201,0.0000,63.1767,41.2354
163226,OIL & NATURAL GAS CORPN. LTD.,2012-12-31,3,3049.2049,2814.7688,28.6776,63.326,,428.4891,1931.1223,1017.8997,,,,1.0188,0.0000,63.332,36.1628
163226,OIL & NATURAL GAS CORPN. LTD.,2013-03-31,3,3339.4885,3003.8894,34.6039,135.2763,,438.7823,1437.4662,516.2028,1048.5202,1261.6158,981.7275,1.1520,0.0000,43.0445,20.7357
163226,OIL & NATURAL GAS CORPN. LTD.,2013-06-30,3,2557.1921,2352.3671,19.7187,100.9877,,399.4267,1389.8764,687.7126,,,,0.8383,0.0000,54.3517,29.2349
163226,OIL & NATURAL GAS CORPN. LTD.,2013-09-30,3,2834.9639,2602.3488,19.9209,69.433,,380.6149,1806.3436,951.1624,910.781,1165.3781,1026.0101,0.7655,0.0000,63.7166,36.5502
163226,OIL & NATURAL GAS CORPN. LTD.,2013-12-31,3,2870.9875,2440.9573,30.9173,72.5001,,418.0823,2092.6679,1185.6395,,,,1.2666,0.0000,72.8902,47.1543
163226,OIL & NATURAL GAS CORPN. LTD.,2014-03-31,3,2813.8608,2589.0222,38.3043,74.4845,,586.8079,1730.3357,801.3292,964.1295,1338.3273,1044.4291,1.4795,0.0000,61.4933,30.9496
163226,OIL & NATURAL GAS CORPN. LTD.,2014-06-30,3,2832.607,2682.7377,21.9385,68.094,,428.9771,1633.9085,800.5582,,,,0.8178,0.0000,57.6821,29.8411
164646,TATA CONSULTANCY SERVICES LTD.,2004-06-30,3,377.3121,402.5846,,88.9733,,6.6394,113.9909,107.9535,,,,0.0000,0.0000,30.2113,22.8509
164646,TATA CONSULTANCY SERVICES LTD.,2004-09-30,3,446.2006,428.1109,,91.0385,,6.6662,98.2296,101.0931,,,,0.0000,0.0000,22.0147,17.3392
164646,TATA CONSULTANCY SERVICES LTD.,2004-12-31,3,505.9663,477.3854,,103.1232,,6.7371,172.6451,146.3857,,,,0.0000,0.0000,34.1219,30.6640
164646,TATA CONSULTANCY SERVICES LTD.,2005-03-31,3,485.9876,485.7221,,111.1582,,9.7597,120.1282,121.0117,,,,0.0000,0.0000,24.7184,20.1073
164646,TATA CONSULTANCY SERVICES LTD.,2005-06-30,3,522.2606,516.2358,,115.698,,10.6938,165.074,132.809,,,,0.0000,0.0000,31.6076,25.7264
164646,TATA CONSULTANCY SERVICES LTD.,2005-09-30,3,569.5581,568.9502,,225.2843,,12.8266,174.7111,141.2499,,,,0.0000,0.0000,30.6748,24.8264
164646,TATA CONSULTANCY SERVICES LTD.,2005-12-31,3,591.5282,591.5282,,238.1089,,13.8568,182.3794,148.8975,,,,0.0000,0.0000,30.8319,25.1717
164646,TATA CONSULTANCY SERVICES LTD.,2006-03-31,3,695.1502,693.5877,,277.0678,,16.953,197.1004,168.6214,,,,0.0000,0.0000,28.3536,24.3115
164646,TATA CONSULTANCY SERVICES LTD.,2006-06-30,3,745.3724,729.7977,,319.2387,,14.9168,205.1633,172.9848,,,,0.0000,0.0000,27.5249,23.7031
164646,TATA CONSULTANCY SERVICES LTD.,2006-09-30,3,798.1614,794.5339,,337.6011,,16.6779,236.0335,201.9297,,,,0.0000,0.0000,29.5722,25.4149
164646,TATA CONSULTANCY SERVICES LTD.,2006-12-31,3,862.2993,856.7857,,373.3166,,19.5342,256.8798,212.9563,,,,0.0000,0.0000,29.7901,24.8553
164646,TATA CONSULTANCY SERVICES LTD.,2007-03-31,3,952.548,929.0434,,375.2212,,25.1218,303.7898,229.9758,,,,0.0000,0.0000,31.8923,26.3745
164646,TATA CONSULTANCY SERVICES LTD.,2007-06-30,3,1084.9335,1014.0342,,372.4771,,24.7205,330.9632,241.8602,,,,0.0000,0.0000,30.5054,25.9735
164646,TATA CONSULTANCY SERVICES LTD.,2007-09-30,3,1180.9569,1112.2286,,365.5875,,26.7253,368.4655,263.9118,,,,0.0000,0.0000,31.2006,25.5667
164646,TATA CONSULTANCY SERVICES LTD.,2007-12-31,3,1276.9574,1210.4589,,388.3747,,29.9138,383.4305,274.8859,,,,0.0000,0.0000,30.0269,24.6958
164646,TATA CONSULTANCY SERVICES LTD.,2008-03-31,3,1265.5817,1212.8494,,349.3497,,32.7579,364.1527,253.3161,,,,0.0000,0.0000,28.7735,22.6535
164646,TATA CONSULTANCY SERVICES LTD.,2008-06-30,3,1266.0836,1217.1882,,402.0434,,19.1172,349.6357,256.7025,,,,0.0000,0.0000,27.6155,23.1007
164646,TATA CONSULTANCY SERVICES LTD.,2008-09-30,3,1275.0724,1250.9788,,402.3681,,22.5748,336.1974,233.3553,,,,0.0000,0.0000,26.3669,20.5798
164646,TATA CONSULTANCY SERVICES LTD.,2008-12-31,3,1276.3399,1207.9051,,393.342,,23.5435,319.3173,232.2278,,,,0.0000,0.0000,25.0182,20.6262
164646,TATA CONSULTANCY SERVICES LTD.,2009-03-31,3,1051.7122,1096.3077,,371.2357,,23.0756,274.4283,191.4034,,,,0.0000,0.0000,26.0935,19.7144
164646,TATA CONSULTANCY SERVICES LTD.,2009-06-30,3,1174.4687,1174.205,,409.9691,,23.6951,325.5961,267.1852,,,,0.0000,0.0000,27.7228,22.7546
164646,TATA CONSULTANCY SERVICES LTD.,2009-09-30,3,1185.9064,1185.9064,,410.5626,,24.5608,340.0201,278.2062,,,,0.0000,0.0000,28.6717,23.4594
164646,TATA CONSULTANCY SERVICES LTD.,2009-12-31,3,1270.3732,1261.7178,,414.2784,,25.3935,405.0461,333.3047,,,,0.0000,0.0000,31.884,26.4167
164646,TATA CONSULTANCY SERVICES LTD.,2010-03-31,3,1306.2201,1276.333,,440.3183,,26.1044,386.3972,316.5568,,,,0.0000,0.0000,29.5813,24.8021
164646,TATA CONSULTANCY SERVICES LTD.,2010-06-30,3,1384.6127,1376.7892,,485.2237,,24.611,407.5594,334.2482,,,,0.0000,0.0000,29.4349,24.2774
164646,TATA CONSULTANCY SERVICES LTD.,2010-09-30,3,1602.1385,1579.7019,,550.5399,,27.4252,491.6466,394.0098,,,,0.0000,0.0000,30.6869,24.9420
164646,TATA CONSULTANCY SERVICES LTD.,2010-12-31,3,1719.3545,1688.9752,,581.3889,,30.831,549.6699,454.3381,,,,0.0000,0.0000,31.9696,26.9002
164646,TATA CONSULTANCY SERVICES LTD.,2011-03-31,3,1819.9002,1771.4689,,618.042,,35.0793,581.5557,477.707,,,,0.0000,0.0000,31.9554,26.9667
164646,TATA CONSULTANCY SERVICES LTD.,2011-06-30,3,1939.0103,1881.6213,,689.7939,,35.0621,600.0785,459.8322,,,,0.0000,0.0000,30.9477,24.4381
164646,TATA CONSULTANCY SERVICES LTD.,2011-09-30,3,2218.124,1919.945,,693.8338,,36.4978,856.6328,669.0198,,,,0.0000,0.0000,38.6197,34.8458
164646,TATA CONSULTANCY SERVICES LTD.,2011-12-31,3,2109.7278,1964.6975,,669.4856,,32.8133,762.3074,601.5273,,,,0.0000,0.0000,36.133,30.6168
164646,TATA CONSULTANCY SERVICES LTD.,2012-03-31,3,2069.505,2021.1255,,724.8236,,36.6075,652.5207,508.3838,,,,0.0000,0.0000,31.5303,25.1535
164646,TATA CONSULTANCY SERVICES LTD.,2012-06-30,3,2071.6723,2041.1744,,720.7228,,32.6825,649.3379,501.8205,,,,0.0000,0.0000,31.3437,24.5849
164646,TATA CONSULTANCY SERVICES LTD.,2012-09-30,3,2398.6005,2188.1796,,771.1049,,36.3112,867.5818,683.7332,,,,0.0000,0.0000,36.1703,31.2467
164646,TATA CONSULTANCY SERVICES LTD.,2012-12-31,3,2351.0494,2267.4376,,802.2672,,37.8452,757.9846,590.3603,,,,0.0000,0.0000,32.2403,26.0365
164646,TATA CONSULTANCY SERVICES LTD.,2013-03-31,3,2408.4446,2325.0778,,817.6814,,39.451,738.6525,554.1447,1.1654,2059.091,615.7503,0.0000,0.0000,30.6693,23.8334
164646,TATA CONSULTANCY SERVICES LTD.,2013-06-30,3,2524.2584,2479.3822,,899.5106,,41.3109,805.3777,592.828,,,,0.0000,0.0000,31.9055,23.9103
164646,TATA CONSULTANCY SERVICES LTD.,2013-09-30,3,2842.4711,2605.0467,,851.5469,,41.0559,1139.1123,879.6181,2.1803,2147.9402,582.3228,0.0000,0.0000,40.0747,33.7659
164646,TATA CONSULTANCY SERVICES LTD.,2013-12-31,3,2801.76,2696.2638,,877.2256,,45.2849,1038.9741,771.5614,,,,0.0000,0.0000,37.0829,28.6159
164646,TATA CONSULTANCY SERVICES LTD.,2014-03-31,3,2881.2732,2768.858,,877.5101,,48.7118,1024.5075,758.5997,1.4046,2371.8966,651.9078,0.0000,0.0000,35.5575,27.3976
164646,TATA CONSULTANCY SERVICES LTD.,2014-06-30,3,3141.6257,2919.5087,,1008.6672,,56.1286,1140.9426,764.9517,,,,0.0000,0.0000,36.3169,29.2278
196667,RELIANCE INDUSTRIES LTD.,1997-06-30,3,765.5911,742.6876,,,,36.0311,168.4245,104.7416,,,,0.0000,0.0000,21.9993,14.1030
196667,RELIANCE INDUSTRIES LTD.,1997-09-30,3,1033.256,1008.5303,,,,48.3523,214.2887,127.749,,,,0.0000,0.0000,20.7392,12.6668
196667,RELIANCE INDUSTRIES LTD.,1997-12-31,3,911.7305,896.8931,,,,45.2795,190.5834,111.2802,,,,0.0000,0.0000,20.9035,12.4073
196667,RELIANCE INDUSTRIES LTD.,1998-03-31,3,930.3291,903.4878,,,,46.8456,192.1937,95.717,,,,0.0000,0.0000,20.6587,10.5942
196667,RELIANCE INDUSTRIES LTD.,1998-06-30,3,885.7677,864.1926,,,,46.2325,190.6203,104.5566,,,,0.0000,0.0000,21.5203,12.0988
196667,RELIANCE INDUSTRIES LTD.,1998-09-30,3,909.2898,877.0671,,,,48.6868,203.6847,112.8968,,,,0.0000,0.0000,22.4004,12.8721
196667,RELIANCE INDUSTRIES LTD.,1998-12-31,3,881.5698,839.7357,,,,48.6497,188.7231,94.4791,,,,0.0000,0.0000,21.4076,11.2510
196667,RELIANCE INDUSTRIES LTD.,1999-03-31,3,897.3459,849.7576,,,,58.1897,199.3055,89.7581,,,,0.0000,0.0000,22.2106,10.5628
196667,RELIANCE INDUSTRIES LTD.,1999-06-30,3,801.1628,766.3901,471.9813,21.5591,,47.9863,208.6361,118.2271,,,,61.5850,0.0000,26.0417,15.4265
196667,RELIANCE INDUSTRIES LTD.,1999-09-30,3,1004.5022,975.0999,610.5573,22.9706,,55.1293,250.8384,140.5798,,,,62.6148,0.0000,24.9714,14.4170
196667,RELIANCE INDUSTRIES LTD.,1999-12-31,3,1037.3811,1003.346,725.7759,23.9166,,59.3315,266.9917,144.1893,,,,72.3355,0.0000,25.7371,14.3708
196667,RELIANCE INDUSTRIES LTD.,2000-03-31,3,1421.702,1361.824,856.4166,15.8298,,131.4564,365.4625,150.0392,,,,62.8875,0.0000,25.706,11.0175
196667,RELIANCE INDUSTRIES LTD.,2000-06-30,3,1362.9142,1345.4611,978.0493,22.3759,,81.8957,276.342,121.501,,,,72.6925,0.0000,20.2758,9.0304
196667,RELIANCE INDUSTRIES LTD.,2000-09-30,3,1691.0371,1674.4754,1224.0406,22.6634,,83.0264,306.8273,143.8253,,,,73.0999,0.0000,18.1443,8.5893
196667,RELIANCE INDUSTRIES LTD.,2000-12-31,3,1258.5962,1247.6872,908.4395,22.4597,,84.2772,300.7454,146.3086,,,,72.8099,0.0000,23.8953,11.7264
196667,RELIANCE INDUSTRIES LTD.,2001-03-31,3,1303.7183,1265.5377,667.9465,28.3137,,90.9471,324.5353,162.8039,,,,52.7797,0.0000,24.8931,12.8644
196667,RELIANCE INDUSTRIES LTD.,2001-06-30,3,1251.5823,1224.5636,832.899,23.402,,84.2473,276.782,131.6895,,,,68.0160,0.0000,22.1146,10.7366
196667,RELIANCE INDUSTRIES LTD.,2001-09-30,3,1227.1754,1191.9154,715.2752,26.8648,,88.5699,296.772,147.3366,,,,60.0106,0.0000,24.1833,12.3613
196667,RELIANCE INDUSTRIES LTD.,2001-12-31,3,1201.1034,1097.8119,707.182,23.1623,,92.0234,316.5521,96.8228,,,,64.4174,0.0000,26.3551,15.6244
196667,RELIANCE INDUSTRIES LTD.,2002-03-31,3,1296.487,1267.1473,726.3118,26.0569,,97.6623,292.3713,137.8761,,,,57.3187,0.0000,22.551,10.8808
196667,RELIANCE INDUSTRIES LTD.,2002-06-30,3,1213.0742,1187.7508,852.0111,25.3234,,78.421,284.6844,147.0393,,,,71.7331,0.0000,23.468,12.3796
196667,RELIANCE INDUSTRIES LTD.,2002-09-30,3,2420.0274,2377.9149,1699.9851,31.7909,,135.6272,486.5653,206.847,,,,71.4906,0.0000,20.1058,8.6987
196667,RELIANCE INDUSTRIES LTD.,2002-12-31,3,2335.4799,2279.3934,1506.4396,29.9128,,136.4769,501.0386,224.9688,,,,66.0895,0.0000,21.4533,9.8697
196667,RELIANCE INDUSTRIES LTD.,2003-03-31,3,2748.887,2677.3101,2279.5443,43.4499,,184.0848,495.1607,227.9544,,,,85.1431,0.0000,18.0131,8.6319
196667,RELIANCE INDUSTRIES LTD.,2003-06-30,3,2716.393,2676.3579,1811.4282,34.4687,,149.8641,513.6055,252.628,,,,67.6826,0.0000,18.9076,8.8313
196667,RELIANCE INDUSTRIES LTD.,2003-09-30,3,2823.0881,2768.3449,1883.7308,35.1141,,169.6819,558.9906,282.2216,,,,68.0454,0.0000,19.8007,9.9504
196667,RELIANCE INDUSTRIES LTD.,2003-12-31,3,2790.6885,2741.7752,1787.4181,38.3849,,175.693,611.7449,301.3759,,,,65.1920,0.0000,21.9209,10.9920
196667,RELIANCE INDUSTRIES LTD.,2004-03-31,3,3240.0455,3134.0803,2104.6411,37.5432,,215.0404,686.6631,322.3384,,,,67.1534,0.0000,21.193,10.0581
196667,RELIANCE INDUSTRIES LTD.,2004-06-30,3,3213.6023,3137.3652,2307.765,39.1072,,201.2484,692.5053,315.7138,,,,73.5574,0.0000,21.5492,10.0630
196667,RELIANCE INDUSTRIES LTD.,2004-09-30,3,3570.6461,3506.4352,2311.8089,40.1318,,198.2728,751.8748,380.059,,,,65.9305,0.0000,21.0571,10.8389
196667,RELIANCE INDUSTRIES LTD.,2004-12-31,3,4115.2422,4039.9814,2884.6941,48.658,,207.3651,823.3213,475.4391,,,,71.4036,0.0000,20.0066,11.7683
196667,RELIANCE INDUSTRIES LTD.,2005-03-31,3,4192.0348,4083.0854,2765.6214,61.5702,,224.5365,920.5768,524.6052,,,,67.7336,0.0000,21.9601,12.8483
196667,RELIANCE INDUSTRIES LTD.,2005-06-30,3,4124.7284,4080.2186,3106.5092,58.0463,,181.4807,862.6643,529.9879,,,,76.1359,0.0000,20.9145,12.9892
196667,RELIANCE INDUSTRIES LTD.,2005-09-30,3,4767.9118,4717.3614,3467.4894,58.9756,,183.0747,895.7909,564.9357,,,,73.5049,0.0000,18.7879,11.9757
196667,RELIANCE INDUSTRIES LTD.,2005-12-31,3,4019.6734,3980.239,2926.4659,54.989,,180.5216,691.4154,389.0855,,,,73.5249,0.0000,17.2008,9.7754
196667,RELIANCE INDUSTRIES LTD.,2006-03-31,3,5536.8588,5517.3003,3645.5277,48.3343,,220.764,929.142,562.476,,,,66.0745,0.0000,16.781,10.1948
196667,RELIANCE INDUSTRIES LTD.,2006-06-30,3,5333.9992,5324.4455,3941.3317,69.0471,,196.9363,929.5307,553.0284,,,,74.0233,0.0000,17.4265,10.3866
196667,RELIANCE INDUSTRIES LTD.,2006-09-30,3,6543.8737,6516.7711,4906.2249,107.5432,,263.0038,1125.084,650.4629,,,,75.2861,0.0000,17.1929,9.9814
196667,RELIANCE INDUSTRIES LTD.,2006-12-31,3,6343.7475,6316.8625,4129.7651,112.9171,,285.4294,1187.4223,690.2732,,,,65.3768,0.0000,18.718,10.9275
196667,RELIANCE INDUSTRIES LTD.,2007-03-31,3,6262.9612,6234.5686,4404.0386,122.8833,,278.7021,1202.4849,716.8573,,,,70.6390,0.0000,19.1999,11.4981
196667,RELIANCE INDUSTRIES LTD.,2007-06-30,3,7289.5793,7241.2618,4907.7919,121.6524,,275.9253,1439.7171,890.3191,,,,67.7754,0.0000,19.7503,12.2951
196667,RELIANCE INDUSTRIES LTD.,2007-09-30,3,7984.8785,7943.2325,6017.3525,116.7576,,279.8711,1474.7149,951.1651,,,,75.7545,0.0000,18.4688,11.9745
196667,RELIANCE INDUSTRIES LTD.,2007-12-31,3,10031.4402,8770.284,6379.5639,146.2982,,307.5558,1675.9635,848.3773,,,,72.7407,0.0000,16.7071,11.2229
196667,RELIANCE INDUSTRIES LTD.,2008-03-31,3,9310.7216,9239.1102,6657.135,142.7272,,341.9507,1562.8136,969.3558,,,,72.0539,0.0000,16.7851,10.4919
196667,RELIANCE INDUSTRIES LTD.,2008-06-30,3,9762.9612,9710.1822,7967.5385,152.0318,,268.7996,1482.2513,959.8319,,,,82.0534,0.0000,15.1824,9.8848
196667,RELIANCE INDUSTRIES LTD.,2008-09-30,3,9840.8832,9807.743,7904.486,132.7803,,278.7288,1455.5351,903.3447,,,,80.5943,0.0000,14.7907,9.2105
196667,RELIANCE INDUSTRIES LTD.,2008-12-31,3,6214.1898,6077.8876,3470.6703,128.9012,,271.9877,1240.0831,711.7321,,,,57.1032,0.0000,19.9557,11.7102
196667,RELIANCE INDUSTRIES LTD.,2009-03-31,3,5354.1174,5090.9985,3424.449,96.4249,,282.2477,1304.8587,780.1825,,,,67.2648,0.0000,24.3711,15.1637
196667,RELIANCE INDUSTRIES LTD.,2009-06-30,3,6676.4908,6528.0825,5256.4596,116.5916,,393.1041,1484.7112,767.3694,,,,80.5207,0.0000,22.2379,11.7549
196667,RELIANCE INDUSTRIES LTD.,2009-09-30,3,9801.2135,9671.5656,7990.0658,123.0416,,502.0758,1619.5661,795.2286,,,,82.6140,0.0000,16.5241,8.2223
196667,RELIANCE INDUSTRIES LTD.,2009-12-31,3,12301.9515,12193.0088,9310.1008,123.5256,,599.3995,1791.1216,859.5325,,,,76.3561,0.0000,14.5597,7.0494
196667,RELIANCE INDUSTRIES LTD.,2010-03-31,3,12788.4742,12653.3034,9601.9605,136.4895,,745.5273,2143.1711,1035.2103,5930.3706,2562.75,,75.8850,0.0000,16.7586,8.1813
196667,RELIANCE INDUSTRIES LTD.,2010-06-30,3,12659.8589,12504.8052,9941.479,132.5044,,748.4242,2161.3031,1041.7808,,,,79.5013,0.0000,17.0721,8.3310
196667,RELIANCE INDUSTRIES LTD.,2010-09-30,3,12640.0929,12494.0224,9539.7912,143.462,,734.0475,2188.4483,1070.0964,5447.4277,2145.4096,,76.3548,0.0000,17.3135,8.5649
196667,RELIANCE INDUSTRIES LTD.,2010-12-31,3,13403.7215,13239.635,10190.1942,146.3714,,743.8146,2277.7248,1137.3123,,,,76.9673,0.0000,16.9932,8.5902
196667,RELIANCE INDUSTRIES LTD.,2011-03-31,3,16357.3723,16153.5469,13003.034,152.48,,752.8423,2391.6692,1194.9455,6629.3246,3876.9046,7744.9183,80.4965,0.0000,14.6214,7.3974
196667,RELIANCE INDUSTRIES LTD.,2011-06-30,3,18303.8362,18063.4891,14495.7393,195.7558,,712.346,2453.4132,1262.1567,,,,80.2488,0.0000,13.4038,6.9873
196667,RELIANCE INDUSTRIES LTD.,2011-09-30,3,16724.0782,16492.7527,13681.1612,150.0887,,623.2354,2297.7214,1197.141,6041.9619,3642.0122,,82.9526,0.0000,13.739,7.2586
196667,RELIANCE INDUSTRIES LTD.,2011-12-31,3,16490.5938,16164.587,14107.7247,127.5927,,487.966,1709.2102,843.023,,,,87.2755,0.0000,10.3648,5.2152
196667,RELIANCE INDUSTRIES LTD.,2012-03-31,3,17383.1051,16927.0512,14260.0799,118.6336,,528.3866,1760.2289,841.7622,7144.8443,3661.149,8013.0358,84.2443,0.0000,10.1261,4.9729
196667,RELIANCE INDUSTRIES LTD.,2012-06-30,3,16737.4621,16397.6441,14174.7278,151.8829,,439.5859,1555.4167,803.6766,,,,86.4437,0.0000,9.293,4.9012
196667,RELIANCE INDUSTRIES LTD.,2012-09-30,3,16930.0697,16543.2976,14242.26,155.2949,,422.2995,1810.9798,990.5541,7257.8371,3132.4511,9257.0753,86.0908,0.0000,10.6968,5.9876
196667,RELIANCE INDUSTRIES LTD.,2012-12-31,3,17498.2159,17179.8203,14315.541,157.9169,,449.5965,1850.5371,1006.7888,,,,83.3277,0.0000,10.5756,5.8603
196667,RELIANCE INDUSTRIES LTD.,2013-03-31,3,15888.663,15476.3787,13087.9601,145.577,,411.5491,1850.5924,1027.3104,7853.9892,2183.6549,8416.0782,84.5673,0.0000,11.6473,6.6379
196667,RELIANCE INDUSTRIES LTD.,2013-06-30,3,15442.7857,15008.6821,12692.778,153.9484,,366.1197,1645.655,916.498,,,,84.5696,0.0000,10.6565,6.1065
196667,RELIANCE INDUSTRIES LTD.,2013-09-30,3,16598.3552,16275.2286,13878.9154,126.7409,,350.263,1554.3017,861.1481,7384.3842,1727.9431,9279.2237,85.2763,0.0000,9.3642,5.2912
196667,RELIANCE INDUSTRIES LTD.,2013-12-31,3,17093.44,16721.1272,13911.5785,115.4897,,346.146,1603.4489,890.1588,,,,83.1976,0.0000,9.3805,5.3236
196667,RELIANCE INDUSTRIES LTD.,2014-03-31,3,15935.523,15601.8291,13293.3425,155.3742,,372.8652,1699.1182,922.9029,7036.4179,1747.7956,9483.3973,85.2037,0.0000,10.6625,5.9154
196667,RELIANCE INDUSTRIES LTD.,2014-06-30,3,16473.4383,16130.9009,13842.4629,155.5314,,338.8542,1603.1957,945.7448,,,,85.8133,0.0000,9.732,5.8629
216946,SESA STERLITE LTD.,1998-06-30,3,16.9993,16.767,,,,0.55,4.0139,2.7668,,,,0.0000,0.0000,23.6123,16.5017
216946,SESA STERLITE LTD.,1998-09-30,3,2.2838,1.8181,,,,0.635,0.4657,-0.9737,,,,0.0000,0.0000,20.3913,-53.5576
216946,SESA STERLITE LTD.,1998-12-31,3,24.2731,24.0616,,,,0.6299,5.1094,3.2269,,,,0.0000,0.0000,21.0496,13.4108
216946,SESA STERLITE LTD.,1999-03-31,3,19.212,19.139,,,,0.8222,4.5162,2.7681,,,,0.0000,0.0000,23.5071,14.4633
216946,SESA STERLITE LTD.,1999-06-30,3,16.262,15.8958,3.2501,1.2727,,0.6445,4.4254,3.0415,,,,20.4463,0.0000,27.2131,19.1337
216946,SESA STERLITE LTD.,1999-09-30,3,3.248,2.5704,3.3147,0.9349,,0.6455,-0.8867,-2.1661,,,,128.9544,0.0000,-27.2984,-84.2717
216946,SESA STERLITE LTD.,1999-12-31,3,21.8699,21.6537,4.0152,1.1544,,0.6991,2.4262,0.9843,,,,18.5429,0.0000,11.0936,4.5455
216946,SESA STERLITE LTD.,2000-03-31,3,17.7799,17.6606,6.5912,1.482,,0.6722,1.0599,-0.4634,,,,37.3214,0.0000,5.9613,-2.6241
216946,SESA STERLITE LTD.,2000-06-30,3,14.0878,13.8619,4.2111,1.1009,,0.725,1.8639,0.7317,,,,30.3793,0.0000,13.2306,5.2785
216946,SESA STERLITE LTD.,2000-09-30,3,4.7397,4.5915,3.0617,0.924,,0.6167,-0.3291,-1.253,,,,66.6825,0.0000,-6.9425,-27.2900
216946,SESA STERLITE LTD.,2000-12-31,3,21.219,21.142,5.0139,1.1572,,0.7037,3.6748,2.323,,,,23.7151,0.0000,17.3185,10.9875
216946,SESA STERLITE LTD.,2001-03-31,3,23.08,22.5137,7.531,1.5186,,0.725,4.0583,2.1321,,,,33.4508,0.0000,17.5836,9.4703
216946,SESA STERLITE LTD.,2001-06-30,3,12.201,11.6287,3.6975,0.902,,0.6744,2.8444,1.3722,,,,31.7966,0.0000,23.313,11.8002
216946,SESA STERLITE LTD.,2001-09-30,3,2.3129,2.0317,1.5342,1.402,,0.6611,-0.8878,-1.7357,,,,75.5165,0.0000,-38.3848,-85.4339
216946,SESA STERLITE LTD.,2001-12-31,3,18.4318,18.3462,4.5511,1.3313,,0.7303,2.767,1.2499,,,,24.8066,0.0000,15.0119,6.8130
216946,SESA STERLITE LTD.,2002-03-31,3,23.1538,22.3823,6.4075,0.8863,,0.6812,4.124,1.7009,,,,28.6277,0.0000,17.8113,8.9101
216946,SESA STERLITE LTD.,2002-06-30,3,17.4446,17.0259,4.6542,1.0926,,0.6862,3.7372,2.1198,,,,27.3360,0.0000,21.4236,12.4505
216946,SESA STERLITE LTD.,2002-09-30,3,3.5424,2.6382,2.9727,1.0239,,0.7225,-1.0673,-2.76,,,,112.6761,0.0000,-30.1282,-83.7246
216946,SESA STERLITE LTD.,2002-12-31,3,17.58,17.2559,5.5131,1.1654,,0.7354,2.0004,0.5152,,,,31.9490,0.0000,11.3789,2.9854
216946,SESA STERLITE LTD.,2003-03-31,3,38.0407,37.6776,7.7034,1.2615,,0.7787,4.3534,2.1704,,,,20.4457,0.0000,11.444,5.8162
216946,SESA STERLITE LTD.,2003-06-30,3,24.7147,24.3529,6.093,1.4622,,0.76,6.4527,3.738,,,,25.0198,0.0000,26.1088,15.3495
216946,SESA STERLITE LTD.,2003-09-30,3,9.5833,9.2518,5.3587,1.2344,,0.8157,-0.8048,-1.4918,,,,57.9208,0.0000,-8.3978,-16.1245
216946,SESA STERLITE LTD.,2003-12-31,3,40.8941,40.6309,7.1133,1.3358,,0.8489,9.2672,5.7007,,,,17.5070,0.0000,22.6614,14.0304
216946,SESA STERLITE LTD.,2004-03-31,3,50.5167,50.1391,15.4349,1.7861,,1.073,21.6573,13.8132,,,,30.7842,0.0000,42.8716,27.5498
216946,SESA STERLITE LTD.,2004-06-30,3,56.6857,53.1946,9.6735,1.9114,,0.8634,24.5211,15.0167,,,,18.1852,0.0000,43.258,28.2298
216946,SESA STERLITE LTD.,2004-09-30,3,30.8191,29.294,8.2498,1.6161,,0.8417,9.1002,5.1976,,,,28.1620,0.0000,29.5277,17.7429
216946,SESA STERLITE LTD.,2004-12-31,3,76.8501,73.028,16.3391,2.2624,,0.9345,36.7164,19.1085,,,,22.3737,0.0000,47.7766,30.6028
216946,SESA STERLITE LTD.,2005-03-31,3,169.7551,169.192,49.1165,3.4081,,3.1312,92.3484,62.2065,,,,29.0300,0.0000,54.4009,36.7668
216946,SESA STERLITE LTD.,2005-06-30,3,104.4994,100.6059,22.1333,2.9344,,1.3812,56.1351,33.4925,,,,22.0000,0.0000,53.7181,36.0684
216946,SESA STERLITE LTD.,2005-09-30,3,39.6502,37.4347,22.0441,2.1199,,1.3753,11.301,7.1226,,,,58.8869,0.0000,28.5017,19.0268
216946,SESA STERLITE LTD.,2005-12-31,3,112.9794,111.8117,29.5692,2.0988,,1.3649,53.5694,34.5817,,,,26.4455,0.0000,47.4152,30.9285
216946,SESA STERLITE LTD.,2006-03-31,3,135.255,133.4723,29.5266,2.4976,,1.4343,66.3371,43.1884,,,,22.1219,0.0000,49.0459,32.3575
216946,SESA STERLITE LTD.,2006-06-30,3,95.5174,93.5545,26.0447,3.7954,,1.3766,44.3899,28.9824,,,,27.8390,0.0000,46.4731,30.9792
216946,SESA STERLITE LTD.,2006-09-30,3,52.1346,49.0536,23.0741,2.4241,,1.6565,9.3363,5.5636,,,,47.0385,0.0000,17.9081,11.3419
216946,SESA STERLITE LTD.,2006-12-31,3,134.3916,131.712,31.7714,2.525,,1.8371,66.4755,43.6747,,,,24.1219,0.0000,49.464,33.1593
216946,SESA STERLITE LTD.,2007-03-31,3,167.8323,165.0453,31.0547,2.8756,,2.067,87.9581,57.3145,,,,18.8159,0.0000,52.4083,34.7265
216946,SESA STERLITE LTD.,2007-06-30,3,101.2634,98.7788,31.0876,4.2431,,2.2221,45.4774,29.1524,,,,31.4719,0.0000,44.91,29.5128
216946,SESA STERLITE LTD.,2007-09-30,3,81.3188,76.8319,25.357,2.9945,,2.2211,30.9717,20.3619,,,,33.0032,0.0000,38.0868,26.5019
216946,SESA STERLITE LTD.,2007-12-31,3,303.7348,299.2546,53.1339,3.9224,,3.2328,196.3895,128.6765,,,,17.7554,0.0000,64.6582,42.9990
216946,SESA STERLITE LTD.,2008-03-31,3,401.7623,395.4461,35.8602,3.4096,,3.3452,302.0614,197.811,,,,9.0683,0.0000,75.1841,50.0222
216946,SESA STERLITE LTD.,2008-06-30,3,293.078,279.241,37.5525,5.5231,,2.298,201.0626,150.5652,,,,13.4481,0.0000,68.6038,53.9194
216946,SESA STERLITE LTD.,2008-09-30,3,176.4068,166.7852,33.6603,3.99,,2.153,91.513,67.1758,,,,20.1819,0.0000,51.8761,40.2769
216946,SESA STERLITE LTD.,2008-12-31,3,269.9196,257.8353,33.3663,4.2803,,2.321,125.7517,95.1669,,,,12.9409,0.0000,46.5886,36.9100
216946,SESA STERLITE LTD.,2009-03-31,3,277.3581,264.2139,36.2491,4.2649,,2.5687,153.458,100.8577,,,,13.7196,0.0000,55.3285,39.0644
216946,SESA STERLITE LTD.,2009-06-30,3,213.7436,198.5029,31.7602,6.6585,,2.5726,105.1522,85.1809,,,,15.9999,0.0000,49.1955,42.9117
216946,SESA STERLITE LTD.,2009-09-30,3,110.211,92.3493,36.5264,4.7895,,2.7953,39.8729,28.7187,77.4646,38.2482,,39.5525,0.0000,36.1787,31.0978
216946,SESA STERLITE LTD.,2009-12-31,3,324.8252,297.3322,43.1718,7.4823,,3.3948,177.21,130.326,,,,14.5197,0.0000,54.5555,43.8318
216946,SESA STERLITE LTD.,2010-03-31,3,415.4886,388.6918,64.8007,6.275,,3.4551,273.5109,211.95,,,,16.6715,0.0000,65.8287,54.5291
216946,SESA STERLITE LTD.,2010-06-30,3,422.0254,389.6767,61.4245,6.1248,,3.0646,258.6412,220.2343,,,,15.7629,0.0000,61.2857,56.5172
216946,SESA STERLITE LTD.,2010-09-30,3,194.4976,166.5116,54.0591,6.2232,,3.0931,84.1318,76.7283,119.693,50.2726,,32.4657,0.0000,43.256,46.0798
216946,SESA STERLITE LTD.,2010-12-31,3,384.0223,358.3862,63.6815,7.0285,,3.4013,226.4106,186.8771,,,,17.7690,0.0000,58.9577,52.1440
216946,SESA STERLITE LTD.,2011-03-31,3,654.2771,617.4863,79.134,13.3787,,8.7287,421.3539,269.0361,141.3885,112.6663,194.9699,12.8155,0.0000,64.3999,43.5696
216946,SESA STERLITE LTD.,2011-06-30,3,349.3773,319.6505,56.9988,8.7176,,4.9229,236.1622,150.0453,,,,17.8316,0.0000,67.5952,46.9404
216946,SESA STERLITE LTD.,2011-09-30,3,151.6525,141.9818,50.5893,9.7967,,4.0891,32.6732,-3.5245,151.1152,66.6688,,35.6309,0.0000,21.5447,-1.7431
216946,SESA STERLITE LTD.,2011-12-31,3,323.2671,320.4722,74.9265,8.9998,,3.898,127.2547,70.3544,,,,23.3800,0.0000,39.3652,21.9534
216946,SESA STERLITE LTD.,2012-03-31,3,361.0238,302.474,66.101,11.5792,,4.3241,207.5969,141.943,150.4859,91.8447,146.5334,21.8534,0.0000,57.5023,42.5854
216946,SESA STERLITE LTD.,2012-06-30,3,210.4141,186.3377,54.6814,10.6961,,4.0336,73.3321,40.6318,,,,29.3453,0.0000,34.8514,21.8055
216946,SESA STERLITE LTD.,2012-09-30,3,88.5968,52.3333,30.5224,8.2409,0.8516,4.6662,34.6209,9.1987,143.9298,53.8972,77.7097,58.3231,1.6272,39.0769,17.5771
216946,SESA STERLITE LTD.,2012-12-31,3,89.6887,42.9614,14.4083,7.8977,27.0929,5.0248,26.855,-8.8181,,,,33.5378,63.0633,29.9425,7.5858
216946,SESA STERLITE LTD.,2013-03-31,3,72.3235,53.6907,21.2263,8.4993,28.8673,13.3023,12.9071,-46.2666,138.9635,25.8142,44.9046,39.5344,53.7658,17.8463,-59.8870
216946,SESA STERLITE LTD.,2013-06-30,3,81.7313,62.713,16.299,6.9731,25.7311,5.2247,-2.3238,-51.017,,,,25.9898,41.0300,-2.8432,-52.4057
216946,SESA STERLITE LTD.,2013-09-30,3,2099.0069,1719.5543,1122.6501,38.0144,325.8497,104.9189,456.6218,-118.9012,1096.1004,260.3867,477.0384,65.2873,18.9497,21.7542,6.7287
216946,SESA STERLITE LTD.,2013-12-31,3,1553.0582,1336.5563,981.3811,22.6683,181.5691,65.2347,356.4302,65.4463,,,,73.4261,13.5848,22.9502,10.3508
216946,SESA STERLITE LTD.,2014-03-31,3,1527.3249,1464.1115,935.5132,22.2359,172.2179,65.8095,170.728,-58.4866,930.7208,213.6641,395.5322,63.8963,11.7626,11.1782,-3.6506
216946,SESA STERLITE LTD.,2014-06-30,3,1306.5944,1194.662,730.6059,24.8398,182.3233,66.8752,260.3385,28.5013,,,,61.1559,15.2615,19.925,2.3857
236328,STATE BANK OF INDIA,1997-06-30,3,1199.671,1042.391,,,,,805.4963,89.4912,,,,0.0000,0.0000,67.1431,8.5852
236328,STATE BANK OF INDIA,1997-09-30,3,1176.2964,1028.179,,,,,767.8924,105.5784,,,,0.0000,0.0000,65.2805,10.2685
236328,STATE BANK OF INDIA,1997-12-31,3,1158.3607,988.2606,,,,,745.8001,53.1843,,,,0.0000,0.0000,64.3841,5.3816
236328,STATE BANK OF INDIA,1998-03-31,3,1416.5616,1149.9212,,,,,947.0619,240.2042,,,,0.0000,0.0000,66.8564,20.8888
236328,STATE BANK OF INDIA,1998-06-30,3,1180.6696,1000.7895,,,,,771.7512,101.1425,,,,0.0000,0.0000,65.3656,10.1063
236328,STATE BANK OF INDIA,1998-09-30,3,1239.7576,1074.5542,,,,,844.3976,101.3955,,,,0.0000,0.0000,68.1099,9.4360
236328,STATE BANK OF INDIA,1998-12-31,3,1304.9536,1141.996,,,,,888.832,67.0519,,,,0.0000,0.0000,68.1122,5.8715
236328,STATE BANK OF INDIA,1999-03-31,3,1552.2482,1285.9822,,,,,811.6257,-27.1395,,,,0.0000,0.0000,52.2871,-2.1104
236328,STATE BANK OF INDIA,1999-06-30,3,1370.4057,1178.1521,,243.84,,,960.5121,80.6379,,,,0.0000,0.0000,70.0896,6.8444
236328,STATE BANK OF INDIA,1999-09-30,3,1425.6168,1246.1892,,247.9212,,,1001.1899,81.4536,,,,0.0000,0.0000,70.2285,6.5362
236328,STATE BANK OF INDIA,1999-12-31,3,1482.0062,1291.9063,,246.9455,,,1049.8614,92.1018,,,,0.0000,0.0000,70.8406,7.1291
236328,STATE BANK OF INDIA,2000-03-31,3,1653.6388,1393.8851,,292.0213,,,1238.138,217.6257,,,,0.0000,0.0000,74.8735,15.6129
236328,STATE BANK OF INDIA,2000-06-30,3,1505.2539,1325.334,,279.8416,,,1054.6396,103.3094,,,,0.0000,0.0000,70.0639,7.7950
236328,STATE BANK OF INDIA,2000-09-30,3,1546.4665,1349.3059,,284.9027,,,1093.8068,126.599,,,,0.0000,0.0000,70.7294,9.3825
236328,STATE BANK OF INDIA,2000-12-31,3,1553.4807,1375.8099,,272.5768,,,1025.4928,47.069,,,,0.0000,0.0000,66.0126,3.4212
236328,STATE BANK OF INDIA,2001-03-31,3,1950.584,1607.5975,,467.4574,,,1245.0102,39.1909,,,,0.0000,0.0000,63.8276,4.5572
236328,STATE BANK OF INDIA,2001-06-30,3,1730.0237,1534.6275,,267.8914,,,1275.6077,123.3456,,,,0.0000,0.0000,73.7335,8.0375
236328,STATE BANK OF INDIA,2001-09-30,3,1772.4636,1586.8656,,265.3759,,,1305.3667,130.6007,,,,0.0000,0.0000,73.647,8.2301
236328,STATE BANK OF INDIA,2001-12-31,3,1745.8276,1565.2698,,267.7797,,,1290.3599,128.1003,,,,0.0000,0.0000,73.9111,8.1839
236328,STATE BANK OF INDIA,2002-03-31,3,1854.7807,1563.3081,,276.14,,,1236.8146,126.3229,,,,0.0000,0.0000,66.6825,8.0805
236328,STATE BANK OF INDIA,2002-06-30,3,1750.2537,1538.9869,,261.5666,,,1298.5122,155.8617,,,,0.0000,0.0000,74.1899,10.1275
236328,STATE BANK OF INDIA,2002-09-30,3,1856.3363,1622.4815,,268.9568,,,1390.8913,172.4138,,,,0.0000,0.0000,74.9267,10.6265
236328,STATE BANK OF INDIA,2002-12-31,3,1883.4483,1600.6398,,287.8147,,,1377.9165,163.4919,,,,0.0000,0.0000,73.1592,10.2142
236328,STATE BANK OF INDIA,2003-03-31,3,2146.6906,1683.561,,363.0878,,,1406.1199,154.8138,,,,0.0000,0.0000,65.5018,9.1956
236328,STATE BANK OF INDIA,2003-06-30,3,2038.8362,1663.5466,,288.392,,,1460.3032,192.7594,,,,0.0000,0.0000,71.6243,11.5873
236328,STATE BANK OF INDIA,2003-09-30,3,2239.6724,1660.6013,,332.7161,,,1428.172,215.6443,,,,0.0000,0.0000,63.767,12.9859
236328,STATE BANK OF INDIA,2003-12-31,3,1877.4229,1631.3409,,318.4846,,,1262.6994,201.6718,,,,0.0000,0.0000,67.2571,12.3623
236328,STATE BANK OF INDIA,2004-03-31,3,2187.1584,1696.9619,,471.6493,,,1154.6647,166.252,,,,0.0000,0.0000,52.7929,11.4214
236328,STATE BANK OF INDIA,2004-06-30,3,2022.4339,1684.3718,,375.7896,,,1418.2385,232.5341,,,,0.0000,0.0000,70.1253,13.8054
236328,STATE BANK OF INDIA,2004-09-30,3,2112.3278,1753.8337,,359.5419,,,1421.4404,234.693,,,,0.0000,0.0000,67.2926,13.3817
236328,STATE BANK OF INDIA,2004-12-31,3,2334.4649,1825.6019,,384.278,,,1375.2535,249.9636,,,,0.0000,0.0000,58.9109,13.6921
236328,STATE BANK OF INDIA,2005-03-31,3,2366.2531,1979.2882,,423.3074,,,1361.5862,243.7354,,,,0.0000,0.0000,57.5419,12.3143
236328,STATE BANK OF INDIA,2005-06-30,3,2464.7535,2103.0402,,374.7932,,,1511.0276,280.5563,,,,0.0000,0.0000,61.3054,13.3405
236328,STATE BANK OF INDIA,2005-09-30,3,2259.2966,1949.4746,,464.7866,,,1408.3181,261.7148,,,,0.0000,0.0000,62.3344,14.1958
236328,STATE BANK OF INDIA,2005-12-31,3,2497.2056,2093.9961,,552.9833,,,1636.1109,244.3154,,,,0.0000,0.0000,65.5177,11.6674
236328,STATE BANK OF INDIA,2006-03-31,3,2514.7532,1912.9309,,432.5737,,,1549.5156,191.8286,,,,0.0000,0.0000,61.617,10.0280
236328,STATE BANK OF INDIA,2006-06-30,3,2077.2307,1923.1579,,417.8198,,,1411.573,173.393,,,,0.0000,0.0000,67.9546,9.0161
236328,STATE BANK OF INDIA,2006-09-30,3,2219.6635,1907.9422,,423.8221,,,1528.7071,256.8223,,,,0.0000,0.0000,68.8711,13.4607
236328,STATE BANK OF INDIA,2006-12-31,3,2524.5897,2116.3808,,454.7402,,,1724.108,238.6181,,,,0.0000,0.0000,68.2926,11.2748
236328,STATE BANK OF INDIA,2007-03-31,3,2938.095,2389.0086,,459.704,,,1936.9093,339.1648,,,,0.0000,0.0000,65.924,14.1969
236328,STATE BANK OF INDIA,2007-06-30,3,2999.3917,2720.1332,,497.0016,,,2229.7734,349.7041,,,,0.0000,0.0000,74.3409,12.8561
236328,STATE BANK OF INDIA,2007-09-30,3,3385.7759,2879.5935,,494.6009,,,2598.1334,399.4596,,,,0.0000,0.0000,76.7367,13.8721
236328,STATE BANK OF INDIA,2007-12-31,3,3895.5375,3211.6684,,556.463,,,2856.4959,458.5801,,,,0.0000,0.0000,73.3274,14.2786
236328,STATE BANK OF INDIA,2008-03-31,3,4062.2573,3364.1824,,388.9317,,,2857.0547,466.6511,,,,0.0000,0.0000,70.3317,13.8712
236328,STATE BANK OF INDIA,2008-06-30,3,3783.9958,3222.6063,,497.653,,,2661.0019,383.1831,,,,0.0000,0.0000,70.3225,11.8905
236328,STATE BANK OF INDIA,2008-09-30,3,3930.6558,3416.4033,,487.4901,,,3005.388,495.9442,,,,0.0000,0.0000,76.4602,14.5166
236328,STATE BANK OF INDIA,2008-12-31,3,4174.5697,3511.4459,,626.1186,,,3208.7439,509.5237,,,,0.0000,0.0000,76.8641,14.5104
236328,STATE BANK OF INDIA,2009-03-31,3,4306.0552,3385.0963,,458.6232,,,3201.1181,535.2771,,,,0.0000,0.0000,74.3399,15.8128
236328,STATE BANK OF INDIA,2009-06-30,3,4404.4221,3657.4091,,714.0534,,,3338.4589,487.7945,,,,0.0000,0.0000,75.7979,13.3372
236328,STATE BANK OF INDIA,2009-09-30,3,4397.507,3669.753,,543.8026,,,3300.2422,514.0579,,,,0.0000,0.0000,75.048,14.0080
236328,STATE BANK OF INDIA,2009-12-31,3,4534.7201,3812.9294,,668.5567,,,3265.0483,531.6427,,,,0.0000,0.0000,72.0011,13.9432
236328,STATE BANK OF INDIA,2010-03-31,3,4939.5842,3948.6549,,789.4325,,,3096.5383,410.2598,,,,0.0000,0.0000,62.6882,10.3899
236328,STATE BANK OF INDIA,2010-06-30,3,4755.1418,3962.7012,,660.1445,,,3378.4084,625.8416,,,,0.0000,0.0000,71.0475,15.7933
236328,STATE BANK OF INDIA,2010-09-30,3,5176.2192,4305.6198,,798.9901,,,3353.6991,543.7146,,,,0.0000,0.0000,64.7905,12.6280
236328,STATE BANK OF INDIA,2010-12-31,3,5475.4701,4741.6335,,777.6196,,,3781.2977,626.2437,,,,0.0000,0.0000,69.0589,13.2073
236328,STATE BANK OF INDIA,2011-03-31,3,5898.4519,4828.0932,,991.5958,,,3464.3706,4.6411,,,,0.0000,0.0000,58.7336,0.0961
236328,STATE BANK OF INDIA,2011-06-30,3,6182.9559,5394.9763,,873.3429,,,3920.3443,353.0628,,,,0.0000,0.0000,63.4057,6.5443
236328,STATE BANK OF INDIA,2011-09-30,3,6170.2866,5450.8622,,821.6736,,,4121.448,589.9493,,,,0.0000,0.0000,66.7951,10.8230
236328,STATE BANK OF INDIA,2011-12-31,3,5655.7295,5262.1251,,790.4822,,,3996.4115,619.5536,,,,0.0000,0.0000,70.6613,11.7738
236328,STATE BANK OF INDIA,2012-03-31,3,6748.3139,5679.8641,,943.7037,,,4659.5255,804.8546,,,,0.0000,0.0000,69.0473,14.1703
236328,STATE BANK OF INDIA,2012-06-30,3,5785.381,5161.9561,,738.3759,,,4197.4282,669.5627,,,,0.0000,0.0000,72.5523,12.9711
236328,STATE BANK OF INDIA,2012-09-30,3,6034.793,5421.9222,,783.8343,,,4424.6344,669.9178,,,,0.0000,0.0000,73.3187,12.3557
236328,STATE BANK OF INDIA,2012-12-31,3,6220.079,5556.4384,,796.214,,,4448.7566,621.4313,,,,0.0000,0.0000,71.5225,11.1840
236328,STATE BANK OF INDIA,2013-03-31,3,6677.9532,5658.4216,,1031.6042,,,4280.0776,606.4274,,,,0.0000,0.0000,64.0927,10.7173
236328,STATE BANK OF INDIA,2013-06-30,3,6197.7697,5431.5743,,948.5977,,,4262.5787,555.0156,,,,0.0000,0.0000,68.776,10.2183
236328,STATE BANK OF INDIA,2013-09-30,3,5841.3809,5317.704,,912.6821,,,3920.4591,372.5383,,,,0.0000,0.0000,67.1153,7.0056
236328,STATE BANK OF INDIA,2013-12-31,3,6310.4039,5629.6141,,947.6824,,,4152.0587,360.8996,,,,0.0000,0.0000,65.797,6.4107
236328,STATE BANK OF INDIA,2014-03-31,3,6956.3166,5876.9496,,865.2375,,,4538.5502,498.3676,,,,0.0000,0.0000,65.2436,8.4800
236328,STATE BANK OF INDIA,2014-06-30,3,6820.4809,6108.6041,,931.6097,,,4775.7502,560.6966,,,,0.0000,0.0000,70.0207,9.1788
239726,SUN PHARMACEUTICAL INDS. LTD.,1997-06-30,3,15.728,15.728,,,,0.3352,2.9328,2.5138,,,,0.0000,0.0000,18.6468,15.9830
239726,SUN PHARMACEUTICAL INDS. LTD.,1997-09-30,3,24.1679,22.6157,,,,0.3709,5.2528,4.7144,,,,0.0000,0.0000,21.7347,20.8455
239726,SUN PHARMACEUTICAL INDS. LTD.,1997-12-31,3,13.9957,13.4432,,,,0.3274,3.3231,2.8805,,,,0.0000,0.0000,23.7434,21.4272
239726,SUN PHARMACEUTICAL INDS. LTD.,1998-03-31,3,21.1438,19.698,,,,0.5444,5.3657,4.7352,,,,0.0000,0.0000,25.3772,24.0391
239726,SUN PHARMACEUTICAL INDS. LTD.,1998-06-30,3,17.0728,16.556,,,,0.4031,3.2861,2.8024,,,,0.0000,0.0000,19.2473,16.9268
239726,SUN PHARMACEUTICAL INDS. LTD.,1998-09-30,3,19.5923,19.5241,,,,0.4045,4.0408,3.4927,,,,0.0000,0.0000,20.6242,17.8894
239726,SUN PHARMACEUTICAL INDS. LTD.,1998-12-31,3,21.3871,21.2531,,,,0.4912,4.6981,3.6193,,,,0.0000,0.0000,21.967,17.0297
239726,SUN PHARMACEUTICAL INDS. LTD.,1999-03-31,3,26.6636,26.3503,,,,0.5866,5.8166,4.5492,,,,0.0000,0.0000,21.8148,17.2642
239726,SUN PHARMACEUTICAL INDS. LTD.,1999-06-30,3,21.9416,21.8558,10.5848,1.5856,,0.6259,5.814,4.6433,,,,48.4302,0.0000,26.4976,21.2452
239726,SUN PHARMACEUTICAL INDS. LTD.,1999-09-30,3,23.7401,23.6068,12.6797,1.8537,,0.6937,6.4111,5.235,,,,53.7122,0.0000,27.0053,22.1757
239726,SUN PHARMACEUTICAL INDS. LTD.,1999-12-31,3,23.8131,23.4497,12.5907,1.3867,,0.6968,6.3034,5.2639,,,,53.6923,0.0000,26.4703,22.4478
239726,SUN PHARMACEUTICAL INDS. LTD.,2000-03-31,3,26.8465,26.4083,11.9435,1.7275,,0.7961,6.5728,5.4946,,,,45.2263,0.0000,24.483,20.8062
239726,SUN PHARMACEUTICAL INDS. LTD.,2000-06-30,3,26.9115,26.728,13.8574,2.2152,,0.8391,8.2276,6.9499,,,,51.8460,0.0000,30.5729,26.0025
239726,SUN PHARMACEUTICAL INDS. LTD.,2000-09-30,3,30.1532,29.2968,15.2237,1.861,,0.7671,8.2634,6.8796,,,,51.9637,0.0000,27.4048,23.9512
239726,SUN PHARMACEUTICAL INDS. LTD.,2000-12-31,3,29.9569,29.6532,15.3752,1.846,,0.8513,8.725,7.1999,,,,51.8502,0.0000,29.1253,24.5762
239726,SUN PHARMACEUTICAL INDS. LTD.,2001-03-31,3,30.9499,30.7011,15.0427,1.7138,,0.8387,8.1102,6.7202,,,,48.9974,0.0000,26.2042,21.8892
239726,SUN PHARMACEUTICAL INDS. LTD.,2001-06-30,3,31.931,31.5395,13.4668,2.3189,,0.8786,10.3245,8.8332,,,,42.6981,0.0000,32.3339,28.0067
239726,SUN PHARMACEUTICAL INDS. LTD.,2001-09-30,3,37.3589,36.6432,16.9248,2.1093,,0.8941,11.8562,10.1142,,,,46.1882,0.0000,31.736,27.6018
239726,SUN PHARMACEUTICAL INDS. LTD.,2001-12-31,3,37.6148,37.0994,16.9962,2.1472,,0.9098,11.4017,9.4194,,,,45.8125,0.0000,30.3118,26.1038
239726,SUN PHARMACEUTICAL INDS. LTD.,2002-03-31,3,34.1654,33.2667,14.1569,1.9656,,1.0259,10.115,8.2828,,,,42.5558,0.0000,29.6061,24.8982
239726,SUN PHARMACEUTICAL INDS. LTD.,2002-06-30,3,35.0811,34.6849,14.7529,2.4792,,1.0109,11.853,9.8169,,,,42.5341,0.0000,33.7874,28.3031
239726,SUN PHARMACEUTICAL INDS. LTD.,2002-09-30,3,39.656,39.1667,17.6439,2.0251,,1.026,13.2242,11.005,,,,45.0482,0.0000,33.3472,28.0978
239726,SUN PHARMACEUTICAL INDS. LTD.,2002-12-31,3,40.0374,39.3727,18.4628,2.1022,,1.1176,13.8492,11.6037,,,,46.8925,0.0000,34.5906,29.4714
239726,SUN PHARMACEUTICAL INDS. LTD.,2003-03-31,3,45.5846,44.1132,16.5844,2.2481,,0.806,17.4639,15.5685,,,,37.5952,0.0000,38.311,35.2922
239726,SUN PHARMACEUTICAL INDS. LTD.,2003-06-30,3,41.1334,39.2002,15.5859,2.841,,1.1283,13.826,11.7087,,,,39.7597,0.0000,33.6127,29.8689
239726,SUN PHARMACEUTICAL INDS. LTD.,2003-09-30,3,56.3876,48.6189,27.7554,3.2562,,1.1843,16.8395,14.4055,,,,57.0877,0.0000,29.8639,29.6295
239726,SUN PHARMACEUTICAL INDS. LTD.,2003-12-31,3,55.0241,47.9547,24.8734,3.0489,,1.3095,17.7404,15.4548,,,,51.8685,0.0000,32.2411,32.2280
239726,SUN PHARMACEUTICAL INDS. LTD.,2004-03-31,3,54.8775,52.7515,23.941,3.1745,,1.4529,21.5507,19.4825,,,,45.3845,0.0000,39.2705,37.5726
239726,SUN PHARMACEUTICAL INDS. LTD.,2004-06-30,3,63.6503,62.7012,30.6904,4.4292,,1.4325,18.7473,16.4909,,,,48.9471,0.0000,29.4536,26.3009
239726,SUN PHARMACEUTICAL INDS. LTD.,2004-09-30,3,65.2261,65.0873,30.3353,4.5447,,1.755,19.1613,16.5018,,,,46.6071,0.0000,29.3767,25.3533
239726,SUN PHARMACEUTICAL INDS. LTD.,2004-12-31,3,73.5077,73.46,33.0534,4.8408,,1.8508,21.4618,17.6624,,,,44.9950,0.0000,29.1967,24.0436
239726,SUN PHARMACEUTICAL INDS. LTD.,2005-03-31,3,68.3085,63.4539,29.2447,4.6487,,2.0737,21.7372,18.1666,,,,46.0881,0.0000,31.8221,28.6297
239726,SUN PHARMACEUTICAL INDS. LTD.,2005-06-30,3,99.757,95.0858,50.6012,6.0822,,1.9181,31.4368,28.8557,,,,53.2164,0.0000,31.5133,30.3470
239726,SUN PHARMACEUTICAL INDS. LTD.,2005-09-30,3,104.0179,75.7961,51.3839,5.8953,,2.2816,28.7523,25.8627,,,,67.7922,0.0000,27.6417,34.1214
239726,SUN PHARMACEUTICAL INDS. LTD.,2005-12-31,3,95.7707,68.5347,50.6446,5.6019,,2.3858,28.0531,23.7285,,,,73.8964,0.0000,29.292,34.6226
239726,SUN PHARMACEUTICAL INDS. LTD.,2006-03-31,3,100.2363,68.783,47.1653,5.31,,2.3628,31.3341,26.0533,,,,68.5711,0.0000,31.2602,37.8775
239726,SUN PHARMACEUTICAL INDS. LTD.,2006-06-30,3,120.129,85.8356,59.9364,6.8331,,2.5643,35.3443,32.1395,,,,69.8270,0.0000,29.422,37.4431
239726,SUN PHARMACEUTICAL INDS. LTD.,2006-09-30,3,128.5878,88.3329,62.1929,6.7171,,2.539,37.9523,34.7152,,,,70.4075,0.0000,29.5147,39.3004
239726,SUN PHARMACEUTICAL INDS. LTD.,2006-12-31,3,134.1048,90.4637,67.6629,7.0349,,2.8095,40.6547,36.996,,,,74.7957,0.0000,30.3156,40.8960
239726,SUN PHARMACEUTICAL INDS. LTD.,2007-03-31,3,141.5816,95.4492,76.0945,6.9596,,2.3191,38.0529,35.3591,,,,79.7225,0.0000,26.877,37.0449
239726,SUN PHARMACEUTICAL INDS. LTD.,2007-06-30,3,179.2705,165.1554,90.8273,8.8983,,3.3209,60.8066,55.2807,,,,54.9950,0.0000,33.9189,33.4719
239726,SUN PHARMACEUTICAL INDS. LTD.,2007-09-30,3,187.7938,180.7709,94.8661,8.6292,,3.3937,52.4963,48.297,,,,52.4786,0.0000,27.9542,26.7172
239726,SUN PHARMACEUTICAL INDS. LTD.,2007-12-31,3,239.3687,232.3124,100.3119,9.0467,,3.5624,96.0573,87.7104,,,,43.1797,0.0000,40.1294,37.7554
239726,SUN PHARMACEUTICAL INDS. LTD.,2008-03-31,3,201.8376,140.3088,98.1027,9.1162,,3.6747,66.8464,61.4247,,,,69.9191,0.0000,33.1189,43.7783
239726,SUN PHARMACEUTICAL INDS. LTD.,2008-06-30,3,213.517,206.0042,102.0458,10.3923,,3.3349,70.5535,65.5722,,,,49.5358,0.0000,33.0435,31.8305
239726,SUN PHARMACEUTICAL INDS. LTD.,2008-09-30,3,212.9642,199.82,100.1712,10.561,,3.2043,71.2997,66.5306,,,,50.1307,0.0000,33.4797,33.2953
239726,SUN PHARMACEUTICAL INDS. LTD.,2008-12-31,3,181.0764,173.5047,95.1052,9.5843,,2.9604,56.8296,52.7693,,,,54.8142,0.0000,31.3843,30.4138
239726,SUN PHARMACEUTICAL INDS. LTD.,2009-03-31,3,233.6214,223.163,113.0025,7.8292,,3.0411,88.0043,82.8961,,,,50.6368,0.0000,37.6696,37.1460
239726,SUN PHARMACEUTICAL INDS. LTD.,2009-06-30,3,107.9383,83.3096,37.9791,10.7758,,3.6129,30.0563,25.4345,,,,45.5879,0.0000,27.8459,30.5302
239726,SUN PHARMACEUTICAL INDS. LTD.,2009-09-30,3,143.4797,97.9357,47.3751,10.9437,,3.4311,48.042,41.9209,105.6837,92.9852,,48.3737,0.0000,33.4835,42.8044
239726,SUN PHARMACEUTICAL INDS. LTD.,2009-12-31,3,155.9275,102.8072,41.9065,11.231,,3.3026,75.7581,68.205,,,,40.7622,0.0000,48.5855,66.3426
239726,SUN PHARMACEUTICAL INDS. LTD.,2010-03-31,3,159.4114,102.2726,52.743,12.1522,,4.4376,63.5347,56.275,125.311,121.6075,,51.5710,0.0000,39.8558,55.0245
239726,SUN PHARMACEUTICAL INDS. LTD.,2010-06-30,3,170.9951,104.5389,51.8399,13.259,,3.8269,77.4152,69.2867,,,,49.5891,0.0000,45.2734,66.2784
239726,SUN PHARMACEUTICAL INDS. LTD.,2010-09-30,3,182.4424,173.0717,49.5118,14.3027,,2.691,82.695,75.148,120.4233,117.9954,,28.6077,0.0000,45.3266,43.4202
239726,SUN PHARMACEUTICAL INDS. LTD.,2010-12-31,3,176.8569,165.9865,38.5482,13.9795,,4.0302,82.5105,75.8806,,,,23.2237,0.0000,46.6538,45.7149
239726,SUN PHARMACEUTICAL INDS. LTD.,2011-03-31,3,192.8717,180.7311,55.9442,15.6525,,3.5186,90.0121,82.8593,137.4232,120.6126,59.9384,30.9544,0.0000,46.6694,45.8468
239726,SUN PHARMACEUTICAL INDS. LTD.,2011-06-30,3,210.1878,192.5519,54.8049,17.4976,,3.9218,104.1586,94.3552,,,,28.4624,0.0000,49.555,49.0025
239726,SUN PHARMACEUTICAL INDS. LTD.,2011-09-30,3,209.0158,197.2459,56.2297,16.5182,,3.8057,99.4175,91.848,140.0632,116.5024,,28.5074,0.0000,47.5646,46.5652
239726,SUN PHARMACEUTICAL INDS. LTD.,2011-12-31,3,192.758,192.758,57.0673,15.3529,,3.7689,74.0569,69.3462,,,,29.6057,0.0000,38.4196,35.9758
239726,SUN PHARMACEUTICAL INDS. LTD.,2012-03-31,3,275.9533,237.8773,64.5729,15.6052,,4.0041,153.2262,139.4988,127.1923,141.7801,79.5243,27.1454,0.0000,55.5261,58.6432
239726,SUN PHARMACEUTICAL INDS. LTD.,2012-06-30,3,179.4057,179.4057,64.9795,17.2176,,3.7694,59.959,52.2274,,,,36.2193,0.0000,33.4209,29.1113
239726,SUN PHARMACEUTICAL INDS. LTD.,2012-09-30,3,210.5875,189.6026,60.6291,18.0585,,3.9886,80.8064,67.8719,165.563,183.6527,66.1889,31.9769,0.0000,38.3719,35.7969
239726,SUN PHARMACEUTICAL INDS. LTD.,2012-12-31,3,166.5831,160.4256,67.7597,17.6508,,4.1995,23.3417,13.5812,,,,42.2375,0.0000,14.012,8.4657
239726,SUN PHARMACEUTICAL INDS. LTD.,2013-03-31,3,154.0561,143.568,55.288,19.6897,,3.7644,22.9909,10.8503,159.6862,135.5649,66.6327,38.5100,0.0000,14.9237,7.5576
239726,SUN PHARMACEUTICAL INDS. LTD.,2013-06-30,3,105.7672,105.7672,42.1603,11.8261,,4.0482,15.2852,7.8259,,,,39.8614,0.0000,14.4518,7.3991
239726,SUN PHARMACEUTICAL INDS. LTD.,2013-09-30,3,106.4028,106.4028,42.6229,10.9612,,3.8509,6.5331,0.9882,140.2009,144.6494,66.3398,40.0581,0.0000,6.14,0.9287
239726,SUN PHARMACEUTICAL INDS. LTD.,2013-12-31,3,122.6985,111.4758,50.171,11.717,,4.1076,22.8492,13.8717,,,,45.0062,0.0000,18.6222,12.4437
239726,SUN PHARMACEUTICAL INDS. LTD.,2014-03-31,3,144.1751,127.2544,41.1578,11.0598,,4.4596,40.5481,26.7086,150.5196,158.6947,62.2906,32.3429,0.0000,28.1242,20.9884
239726,SUN PHARMACEUTICAL INDS. LTD.,2014-06-30,3,110.4608,96.3625,45.2364,14.6792,,7.7665,19.1058,7.9624,,,,46.9440,0.0000,17.2964,8.2630
248093,TATA MOTORS LTD.,1995-03-31,12,1650.5284,1650.5284,,,,,47.4654,47.4654,,,,0.0000,0.0000,2.8758,2.8758
248093,TATA MOTORS LTD.,1997-06-30,3,522.6465,522.6102,,,,17.2307,67.5681,25.2776,,,,0.0000,0.0000,12.9281,4.8368
248093,TATA MOTORS LTD.,1997-09-30,3,552.3043,543.7163,,,,17.2969,72.4598,33.9098,,,,0.0000,0.0000,13.1195,6.2367
248093,TATA MOTORS LTD.,1997-12-31,3,400.6268,399.7109,,,,18.2116,32.105,-7.0759,,,,0.0000,0.0000,8.0137,-1.7703
248093,TATA MOTORS LTD.,1998-03-31,3,484.9562,484.7612,,,,16.0541,57.6708,27.4465,,,,0.0000,0.0000,11.892,5.6619
248093,TATA MOTORS LTD.,1998-06-30,3,303.2664,302.8657,,,,15.6456,24.9324,-8.4475,,,,0.0000,0.0000,8.2213,-2.7892
248093,TATA MOTORS LTD.,1998-09-30,3,345.015,337.8367,,,,16.5229,29.5672,-4.4312,,,,0.0000,0.0000,8.5698,-1.3116
248093,TATA MOTORS LTD.,1998-12-31,3,374.5038,369.3944,,,,16.1202,36.5531,-5.0718,,,,0.0000,0.0000,9.7604,-1.3730
248093,TATA MOTORS LTD.,1999-03-31,3,555.2378,531.8041,,,,18.0199,73.4203,40.8765,,,,0.0000,0.0000,13.2232,7.6864
248093,TATA MOTORS LTD.,1999-06-30,3,304.9797,304.0895,205.7686,38.7762,,17.8616,25.9497,-7.7729,,,,67.6671,0.0000,8.5087,-2.5561
248093,TATA MOTORS LTD.,1999-09-30,3,417.8251,395.7872,272.9292,38.9994,,24.505,56.8498,7.7985,,,,68.9586,0.0000,13.6061,1.9704
248093,TATA MOTORS LTD.,1999-12-31,3,459.2993,458.1495,319.7369,41.0192,,27.9456,33.6971,-13.8808,,,,69.7888,0.0000,7.3366,-3.0298
248093,TATA MOTORS LTD.,2000-03-31,3,568.0063,521.9415,371.744,42.869,,8.571,76.0589,-0.7341,,,,71.2233,0.0000,13.3905,5.7642
248093,TATA MOTORS LTD.,2000-06-30,3,336.7725,330.4043,258.1817,31.4359,,19.7422,26.8645,-16.6342,,,,78.1411,0.0000,7.977,-5.0345
248093,TATA MOTORS LTD.,2000-09-30,3,354.78,349.1338,248.0377,33.1212,10.6583,18.6646,9.9043,-34.4331,,,,71.0437,3.0528,2.7917,-9.8624
248093,TATA MOTORS LTD.,2000-12-31,3,332.9804,326.2938,183.2537,31.9804,,18.2201,15.9699,-25.9762,,,,56.1622,0.0000,4.796,-7.9610
248093,TATA MOTORS LTD.,2001-03-31,3,471.061,467.9015,338.7544,39.2252,,18.9423,13.8115,-30.5166,,,,72.3987,0.0000,2.932,-6.7182
248093,TATA MOTORS LTD.,2001-06-30,3,304.0071,302.5902,218.5089,32.1756,,19.0343,19.7045,-21.0405,,,,72.2128,0.0000,6.4816,-6.9535
248093,TATA MOTORS LTD.,2001-09-30,3,364.6602,361.7827,226.2918,32.9933,,17.8798,26.1575,-12.977,,,,62.5491,0.0000,7.1731,-3.5869
248093,TATA MOTORS LTD.,2001-12-31,3,369.9298,369.8985,229.735,33.1764,,19.2394,28.087,-11.5895,,,,62.1076,0.0000,7.5925,-3.1332
248093,TATA MOTORS LTD.,2002-03-31,3,542.1015,530.1563,309.8602,51.3199,,18.0162,67.8014,22.0704,,,,58.4470,0.0000,12.5071,6.2571
248093,TATA MOTORS LTD.,2002-06-30,3,358.3409,356.9236,230.8395,33.2799,,18.2737,42.5515,5.7243,,,,64.6747,0.0000,11.8746,1.6038
248093,TATA MOTORS LTD.,2002-09-30,3,446.548,445.7243,267.2352,36.3386,,18.577,54.7195,12.1383,,,,59.9553,0.0000,12.2539,2.7233
248093,TATA MOTORS LTD.,2002-12-31,3,455.8247,455.7811,285.0976,38.5708,,18.3693,59.5762,15.727,,,,62.5514,0.0000,13.07,3.4506
248093,TATA MOTORS LTD.,2003-03-31,3,635.7788,628.3398,399.2876,41.078,,19.6952,81.9859,30.184,,,,63.5464,0.0000,12.8954,4.5957
248093,TATA MOTORS LTD.,2003-06-30,3,537.997,535.7511,326.8428,44.0472,,19.9127,66.469,21.4755,,,,61.0065,0.0000,12.3549,4.0085
248093,TATA MOTORS LTD.,2003-09-30,3,698.0316,693.0633,463.9012,47.548,,20.5887,97.9073,47.2318,,,,66.9349,0.0000,14.0262,6.5040
248093,TATA MOTORS LTD.,2003-12-31,3,749.3294,745.6751,464.902,56.8973,,20.6532,110.3926,46.2548,,,,62.3465,0.0000,14.7322,6.2031
248093,TATA MOTORS LTD.,2004-03-31,3,927.1351,920.4617,570.5235,49.9769,,21.9328,126.8983,78.061,,,,61.9823,0.0000,13.6871,7.0586
248093,TATA MOTORS LTD.,2004-06-30,3,796.9215,785.2377,567.2875,52.1159,,21.6034,99.9519,46.4497,,,,72.2440,0.0000,12.5422,6.2494
248093,TATA MOTORS LTD.,2004-09-30,3,914.5583,899.2453,607.8298,56.4015,,23.1723,124.4758,67.0765,,,,67.5933,0.0000,13.6105,7.4592
248093,TATA MOTORS LTD.,2004-12-31,3,998.081,992.4739,683.0725,59.1946,,22.9125,136.0902,71.8979,,,,68.8252,0.0000,13.6352,7.2443
248093,TATA MOTORS LTD.,2005-03-31,3,1228.764,1221.989,811.4832,65.4543,,33.0144,146.6857,91.0597,,,,66.4067,0.0000,11.9377,7.2706
248093,TATA MOTORS LTD.,2005-06-30,3,903.1315,889.7579,661.145,63.5412,,29.0599,123.3587,62.5592,,,,74.3062,0.0000,13.659,7.0310
248093,TATA MOTORS LTD.,2005-09-30,3,1103.5078,1090.2918,769.1005,62.6735,,28.9641,142.8301,76.9346,,,,70.5408,0.0000,12.9433,7.0563
248093,TATA MOTORS LTD.,2005-12-31,3,1148.6828,1111.7985,791.3639,61.316,,28.6622,171.4758,100.827,,,,71.1787,0.0000,14.928,9.0688
248093,TATA MOTORS LTD.,2006-03-31,3,1547.5418,1544.3697,987.4488,70.8378,,30.6304,191.7701,100.8095,,,,63.9386,0.0000,12.3919,6.6686
248093,TATA MOTORS LTD.,2006-06-30,3,1267.0517,1248.3981,926.0675,65.6664,,30.6261,154.5635,82.9933,,,,74.1805,0.0000,12.1987,6.6414
248093,TATA MOTORS LTD.,2006-09-30,3,1448.4053,1427.8095,1008.3259,74.3262,,31.1116,178.977,95.7742,,,,70.6205,0.0000,12.3568,6.7078
248093,TATA MOTORS LTD.,2006-12-31,3,1563.6761,1544.9372,1097.2611,80.2518,,32.15,210.0192,114.9716,,,,71.0230,0.0000,13.4311,7.4418
248093,TATA MOTORS LTD.,2007-03-31,3,1891.5038,1877.7754,1263.3156,82.8293,,35.9451,226.6459,131.074,,,,67.2772,0.0000,11.9823,6.9762
248093,TATA MOTORS LTD.,2007-06-30,3,1557.6905,1485.5378,1068.8562,86.3021,,36.1695,201.4034,114.4808,,,,71.9508,0.0000,12.9296,7.7064
248093,TATA MOTORS LTD.,2007-09-30,3,1679.2365,1654.1026,1123.411,91.5741,,39.5984,217.5062,130.5999,,,,67.9166,0.0000,12.9527,7.8955
248093,TATA MOTORS LTD.,2007-12-31,3,1868.9224,1838.6993,1313.892,103.39,,42.4721,234.3763,126.534,,,,71.4577,0.0000,12.5407,6.8817
248093,TATA MOTORS LTD.,2008-03-31,3,2204.2833,2168.0464,1516.0878,102.9618,,44.0051,220.0849,132.8825,,,,69.9288,0.0000,9.9844,6.1291
248093,TATA MOTORS LTD.,2008-06-30,3,1691.7445,1618.0383,1299.0962,93.6315,,42.2326,149.0565,76.1583,,,,80.2883,0.0000,8.8108,4.7068
248093,TATA MOTORS LTD.,2008-09-30,3,1647.8206,1553.6059,1075.6826,91.2475,,44.5242,155.6404,76.1544,,,,69.2378,0.0000,9.4452,4.9018
248093,TATA MOTORS LTD.,2008-12-31,3,1030.8027,978.2965,699.726,76.2491,,41.456,21.9584,-86.1706,,,,71.5249,0.0000,2.1302,-5.5323
248093,TATA MOTORS LTD.,2009-03-31,3,1361.7474,1335.9216,884.4873,71.0128,,56.4456,246.6525,115.4405,,,,66.2080,0.0000,18.1129,8.6413
248093,TATA MOTORS LTD.,2009-06-30,3,1407.3421,1340.4935,935.0415,83.3912,,47.9595,215.7279,107.5406,,,,69.7535,0.0000,15.3287,8.0225
248093,TATA MOTORS LTD.,2009-09-30,3,1733.873,1646.9738,1156.9111,99.5151,,54.3778,300.5622,150.5278,583.244,422.5839,,70.2447,0.0000,17.3347,9.1397
248093,TATA MOTORS LTD.,2009-12-31,3,1924.5765,1924.5314,1347.152,101.3661,,56.6395,237.0341,85.8117,,,,69.9990,0.0000,12.3162,4.4588
248093,TATA MOTORS LTD.,2010-03-31,3,2934.2235,2689.6083,1879.8804,106.1651,,60.9345,302.3122,318.2338,645.213,525.7198,,69.8942,0.0000,10.303,4.8789
248093,TATA MOTORS LTD.,2010-06-30,3,2251.8356,2236.953,1676.3758,109.4825,,66.0095,248.9085,84.9832,,,,74.9401,0.0000,11.0536,3.7991
248093,TATA MOTORS LTD.,2010-09-30,3,2462.8042,2445.1323,1805.009,126.2814,,72.0875,255.6168,94.0546,873.1056,553.0962,,73.8205,0.0000,10.3791,3.8466
248093,TATA MOTORS LTD.,2010-12-31,3,2499.0091,2497.8111,1754.2511,128.6297,,74.6405,253.145,90.8034,,,,70.2315,0.0000,10.1298,3.6353
248093,TATA MOTORS LTD.,2011-03-31,3,3209.2288,3184.1919,2309.3433,138.3389,,85.5066,290.0032,127.4386,864.9552,578.5528,1959.8506,72.5253,0.0000,9.0365,4.0022
248093,TATA MOTORS LTD.,2011-06-30,3,2631.774,2591.6797,1954.9873,138.4783,,81.4103,255.6018,89.468,,,,75.4332,0.0000,9.7121,3.4521
248093,TATA MOTORS LTD.,2011-09-30,3,2760.1919,2719.1872,2016.8519,143.3399,,81.2179,162.4883,7.6619,976.5211,513.8218,,74.1711,0.0000,5.8868,0.7876
248093,TATA MOTORS LTD.,2011-12-31,3,2557.6408,2532.4678,1954.7388,131.9635,,79.9866,171.0881,32.9747,,,,77.1871,0.0000,6.6893,1.3021
248093,TATA MOTORS LTD.,2012-03-31,3,3283.7887,3257.1031,2316.4716,137.6071,,86.1276,280.2575,112.3264,911.7561,538.1873,1729.9306,71.1206,0.0000,8.5346,3.4487
248093,TATA MOTORS LTD.,2012-06-30,3,1969.2094,1889.4182,1501.8401,126.1574,,76.6304,175.9647,36.6482,,,,79.4869,0.0000,8.9358,1.9397
248093,TATA MOTORS LTD.,2012-09-30,3,2549.3153,2285.7334,1682.1546,137.1997,,81.8869,336.5998,158.7945,1004.7504,540.3419,1573.4446,73.5937,0.0000,13.2035,6.9472
248093,TATA MOTORS LTD.,2012-12-31,3,1991.7437,1945.1573,1401.4767,133.8414,,88.2688,71.6756,-110.0258,,,,72.0495,0.0000,3.5986,-4.3131
248093,TATA MOTORS LTD.,2013-03-31,3,2099.621,2034.3632,1442.8022,119.3878,,84.3189,88.3259,-106.0874,818.8761,334.1727,1554.1116,70.9216,0.0000,4.2068,-2.8203
248093,TATA MOTORS LTD.,2013-06-30,3,1836.6007,1559.0912,1204.9722,128.0032,,85.5843,269.1185,120.4291,,,,77.2868,0.0000,14.6531,7.7243
248093,TATA MOTORS LTD.,2013-09-30,3,1431.2689,1391.0836,1025.629,109.2921,,81.4169,8.7025,-154.2741,756.4331,275.5925,1070.5592,73.7288,0.0000,0.608,-9.0605
248093,TATA MOTORS LTD.,2013-12-31,3,1677.8662,1254.9883,895.9753,116.3667,,82.7294,342.4422,104.737,,,,71.3931,0.0000,20.4094,16.1062
248093,TATA MOTORS LTD.,2014-03-31,3,1524.8238,1400.5786,1052.2995,124.6091,,88.3879,7.4147,-233.789,633.0563,199.4132,1585.269,75.1332,0.0000,0.4863,-9.5560
248093,TATA MOTORS LTD.,2014-06-30,3,1557.3147,1289.9162,1045.2347,123.8141,,90.5431,213.3359,65.9041,,,,81.0312,0.0000,13.699,5.1092
248136,TATA STEEL LTD.,1995-03-31,12,1464.2776,1464.2776,,,,,88.9564,88.9564,,,,0.0000,0.0000,6.0751,6.0751
248136,TATA STEEL LTD.,1997-06-30,3,394.7445,389.8538,,,,23.9677,64.222,18.32,,,,0.0000,0.0000,16.2692,4.6992
248136,TATA STEEL LTD.,1997-09-30,3,456.0337,445.1792,,,,24.7778,78.2895,30.4647,,,,0.0000,0.0000,17.1675,6.8432
248136,TATA STEEL LTD.,1997-12-31,3,393.1032,389.7878,,,,21.2328,49.081,10.9771,,,,0.0000,0.0000,12.4855,2.8162
248136,TATA STEEL LTD.,1998-03-31,3,482.814,479.4943,,,,21.3287,65.7054,26.0031,,,,0.0000,0.0000,13.6089,5.4230
248136,TATA STEEL LTD.,1998-06-30,3,322.8998,320.7257,,,,21.5752,47.4559,6.4228,,,,0.0000,0.0000,14.6968,2.0026
248136,TATA STEEL LTD.,1998-09-30,3,355.926,344.5164,,,,21.8738,56.0156,16.283,,,,0.0000,0.0000,15.738,4.7263
248136,TATA STEEL LTD.,1998-12-31,3,382.5345,375.0914,,,,22.5622,45.8811,3.8097,,,,0.0000,0.0000,11.994,1.0157
248136,TATA STEEL LTD.,1999-03-31,3,459.2884,438.4556,,,,24.0721,86.0901,39.9789,,,,0.0000,0.0000,18.7442,9.1181
248136,TATA STEEL LTD.,1999-06-30,3,290.9385,287.6745,98.9214,62.1759,,24.1091,50.5664,5.7468,,,,34.3866,0.0000,17.3805,1.9977
248136,TATA STEEL LTD.,1999-09-30,3,348.9985,344.3837,66.0656,63.6215,33.7254,24.3488,60.3276,15.0204,,,,19.1837,9.7930,17.2859,4.3615
248136,TATA STEEL LTD.,1999-12-31,3,375.3038,345.3621,65.8304,66.649,35.4724,24.8939,82.6501,4.1877,,,,19.0613,10.2711,22.0222,9.7337
248136,TATA STEEL LTD.,2000-03-31,3,430.296,424.8886,-3.3472,64.2507,70.78,24.8437,97.0277,41.0015,,,,-0.7878,16.6585,22.5491,10.0555
248136,TATA STEEL LTD.,2000-06-30,3,343.8075,340.3325,64.5544,64.1762,34.3917,25.0945,72.8961,22.6891,,,,18.9680,10.1053,21.2026,6.6668
248136,TATA STEEL LTD.,2000-09-30,3,351.703,347.0091,66.5236,62.625,37.8304,24.8273,66.4473,43.8842,,,,19.1706,10.9019,18.893,7.2432
248136,TATA STEEL LTD.,2000-12-31,3,351.5363,350.762,65.8538,66.0314,32.4039,27.604,78.9275,27.3131,,,,18.7745,9.2382,22.4522,7.7868
248136,TATA STEEL LTD.,2001-03-31,3,449.8472,447.3161,112.8045,51.6768,,29.412,101.1594,44.8665,,,,25.2181,0.0000,22.4875,10.0225
248136,TATA STEEL LTD.,2001-06-30,3,302.8519,298.831,74.812,65.0023,39.5983,28.8568,57.9604,4.0634,,,,25.0349,13.2511,19.1382,1.4616
248136,TATA STEEL LTD.,2001-09-30,3,363.3862,357.1213,76.7808,73.937,36.4941,27.5658,54.5103,5.7738,,,,21.4999,10.2190,15.0007,1.6168
248136,TATA STEEL LTD.,2001-12-31,3,354.29,350.2731,72.7131,66.8891,36.9304,28.3436,56.9147,7.2075,,,,20.7590,10.5433,16.0644,2.0577
248136,TATA STEEL LTD.,2002-03-31,3,399.3176,392.1837,67.9532,71.1088,31.3443,25.0167,70.4256,25.1275,,,,17.3269,7.9922,17.6365,6.4071
248136,TATA STEEL LTD.,2002-06-30,3,362.6765,360.4362,85.8975,70.9322,40.1907,28.2949,60.427,13.113,,,,23.8315,11.1506,16.6614,3.6381
248136,TATA STEEL LTD.,2002-09-30,3,433.0575,429.1394,92.5135,83.7813,40.2794,28.9957,94.714,40.4755,,,,21.5579,9.3861,21.871,9.6526
248136,TATA STEEL LTD.,2002-12-31,3,464.1255,459.6614,89.327,75.673,36.0864,29.8463,121.5787,55.8621,,,,19.4332,7.8507,26.1952,12.5795
248136,TATA STEEL LTD.,2003-03-31,3,562.0651,559.3406,94.706,69.3015,35.5009,27.873,167.261,98.4612,,,,16.9317,6.3469,29.7583,17.6031
248136,TATA STEEL LTD.,2003-06-30,3,493.436,483.2259,116.4893,81.556,37.162,30.9555,139.5213,50.851,,,,24.1066,7.6904,28.2755,11.8324
248136,TATA STEEL LTD.,2003-09-30,3,582.1834,569.8935,104.2519,89.1157,37.5001,32.0673,176.9119,87.9162,,,,18.2932,6.5802,30.3877,15.4268
248136,TATA STEEL LTD.,2003-12-31,3,584.8974,577.3148,124.3932,73.541,35.9677,32.4297,196.3352,98.0832,,,,21.5469,6.2302,33.5675,16.9895
248136,TATA STEEL LTD.,2004-03-31,3,735.5647,710.9373,141.8578,101.2112,35.1062,41.2398,256.7733,139.7052,,,,19.9536,4.9380,34.9083,19.6508
248136,TATA STEEL LTD.,2004-06-30,3,701.3154,695.2845,152.8125,75.1232,39.0677,34.6165,308.7119,163.7867,,,,21.9784,5.6189,44.019,23.5568
248136,TATA STEEL LTD.,2004-09-30,3,823.3311,810.9575,154.7526,80.9686,38.7652,34.5958,360.1428,201.6526,,,,19.0827,4.7802,43.7422,24.8660
248136,TATA STEEL LTD.,2004-12-31,3,862.582,848.3984,199.3411,76.9411,39.8359,33.9947,364.5078,202.4788,,,,23.4962,4.6954,42.2578,23.8660
248136,TATA STEEL LTD.,2005-03-31,3,891.3687,884.5617,168.1849,81.149,41.2634,34.8432,328.3177,207.9606,,,,19.0134,4.6648,36.833,23.5100
248136,TATA STEEL LTD.,2005-06-30,3,823.062,816.1034,160.1137,76.3641,45.283,39.1503,364.5606,212.0204,,,,19.6193,5.5487,44.2932,25.9796
248136,TATA STEEL LTD.,2005-09-30,3,911.5503,884.5013,149.9436,84.2895,43.3618,39.9645,396.5252,238.0472,,,,16.9523,4.9024,43.5001,26.9132
248136,TATA STEEL LTD.,2005-12-31,3,819.2001,810.1565,172.775,79.8852,44.3461,51.6327,307.8135,165.1291,,,,21.3261,5.4738,37.5749,20.3824
248136,TATA STEEL LTD.,2006-03-31,3,944.0424,921.8424,197.6916,83.4092,51.4704,43.4491,315.1574,168.3201,,,,21.4453,5.5834,33.3838,19.0978
248136,TATA STEEL LTD.,2006-06-30,3,863.6059,846.685,181.0663,69.8809,49.6097,42.3706,356.2636,207.0133,,,,21.3853,5.8593,41.253,24.4499
248136,TATA STEEL LTD.,2006-09-30,3,949.5696,911.1424,178.7689,88.2396,48.917,42.4384,398.4714,238.8261,,,,19.6203,5.3688,41.9634,26.2117
248136,TATA STEEL LTD.,2006-12-31,3,1023.4684,1001.3465,211.155,91.9334,50.6492,44.5978,410.689,238.3246,,,,21.0871,5.0581,40.1272,23.8004
248136,TATA STEEL LTD.,2007-03-31,3,1149.3816,1131.2626,220.5926,106.7086,54.8614,52.0971,441.3737,250.6502,,,,19.4997,4.8496,38.401,22.1567
248136,TATA STEEL LTD.,2007-06-30,3,1191.5927,1029.5277,203.4489,105.7518,57.0932,51.8102,528.6386,336.5332,,,,19.7614,5.5456,44.364,29.1146
248136,TATA STEEL LTD.,2007-09-30,3,1228.7357,1186.3907,221.3064,107.4294,59.1671,50.8205,530.6842,295.1983,,,,18.6538,4.9871,43.1894,24.8820
248136,TATA STEEL LTD.,2007-12-31,3,1285.2155,1261.1359,252.4442,108.9427,60.7277,53.0451,539.1861,270.9381,,,,20.0172,4.8153,41.953,21.4837
248136,TATA STEEL LTD.,2008-03-31,3,1395.2479,1420.7381,254.047,129.2821,54.9624,51.8253,561.1906,298.7137,,,,17.8813,3.8686,40.2216,21.0252
248136,TATA STEEL LTD.,2008-06-30,3,1439.7805,1436.9267,261.7398,110.1985,61.1677,50.6305,638.3419,347.5946,,,,18.2153,4.2568,44.3361,24.1901
248136,TATA STEEL LTD.,2008-09-30,3,1548.2245,1495.3582,321.6465,131.3603,61.0284,54.6089,675.0768,392.3734,,,,21.5097,4.0812,43.6033,26.2394
248136,TATA STEEL LTD.,2008-12-31,3,991.3511,988.9416,350.1857,116.9486,54.1796,51.6653,279.5203,95.8515,,,,35.4102,5.4785,28.1959,9.6923
248136,TATA STEEL LTD.,2009-03-31,3,1284.8418,1276.3607,347.2642,130.1052,56.1841,50.0609,443.6246,284.8418,,,,27.2074,4.4019,34.5276,22.3167
248136,TATA STEEL LTD.,2009-06-30,3,1185.1504,1175.4505,326.5381,105.9602,68.7346,52.9937,374.3825,165.3277,,,,27.7798,5.8475,31.5895,14.0651
248136,TATA STEEL LTD.,2009-09-30,3,1190.8115,1175.1113,301.2558,107.7873,61.4919,52.9265,412.5362,186.408,691.6693,133.1327,,25.6364,5.2329,34.6433,15.8630
248136,TATA STEEL LTD.,2009-12-31,3,1423.6414,1367.1199,317.7804,139.8778,65.0204,56.2256,519.0778,255.5758,,,,23.2445,4.7560,36.4613,18.6945
248136,TATA STEEL LTD.,2010-03-31,3,1715.9611,1613.1346,255.5651,149.6571,74.478,68.4558,790.9315,475.2473,676.4583,95.5712,,15.8428,4.6170,46.0926,29.4611
248136,TATA STEEL LTD.,2010-06-30,3,1417.3695,1406.9688,280.2457,139.8877,76.2061,60.1746,636.7254,339.1833,,,,19.9184,5.4163,44.923,24.1074
248136,TATA STEEL LTD.,2010-09-30,3,1704.0291,1544.771,330.2475,154.0217,78.5737,61.18,730.7196,448.8906,925.8671,134.3587,,21.3784,5.0864,42.8819,29.0587
248136,TATA STEEL LTD.,2010-12-31,3,1640.5686,1638.0641,380.7959,138.9554,76.4807,63.4136,627.0785,335.1395,,,,23.2467,4.6690,38.2232,20.4595
248136,TATA STEEL LTD.,2011-03-31,3,1889.2697,1853.937,417.9442,188.9308,76.2734,66.2732,719.3767,379.5797,878.8184,94.2487,992.4116,22.5436,4.1141,38.077,20.4742
248136,TATA STEEL LTD.,2011-06-30,3,1923.5839,1752.4938,407.4731,153.1711,102.4106,63.6095,865.5572,494.8363,,,,23.2510,5.8437,44.9971,28.2361
248136,TATA STEEL LTD.,2011-09-30,3,1776.1831,1723.8011,405.9826,145.0046,90.6893,60.2685,637.2472,313.868,984.3908,139.3789,,23.5516,5.2610,35.8773,18.2079
248136,TATA STEEL LTD.,2011-12-31,3,1628.9806,1591.4623,427.3348,139.2032,85.8365,54.8857,539.5613,269.8547,,,,26.8517,5.3936,33.1226,16.9564
248136,TATA STEEL LTD.,2012-03-31,3,1920.0684,1883.7172,439.479,186.064,91.4651,57.6198,630.8328,310.0988,965.5605,179.6554,1169.2308,23.3304,4.8556,32.8547,16.4621
248136,TATA STEEL LTD.,2012-06-30,3,1616.9766,1589.8679,446.1271,153.3339,97.7655,63.25,523.2393,242.1132,,,,28.0606,6.1493,32.3591,15.2285
248136,TATA STEEL LTD.,2012-09-30,3,1721.4014,1675.7487,479.9142,151.9967,107.6131,71.6554,506.4499,247.3748,1111.9002,151.1561,1057.4335,28.6388,6.4218,29.4208,14.7620
248136,TATA STEEL LTD.,2012-12-31,3,1721.1715,1714.6352,489.2697,161.734,114.2601,79.4049,468.7917,191.4747,,,,28.5349,6.6638,27.2368,11.1671
248136,TATA STEEL LTD.,2013-03-31,3,2067.4874,1979.724,466.2636,189.1931,103.1685,84.6938,568.8219,240.645,966.4585,146.4813,1170.8489,23.5520,5.2113,27.5127,12.1555
248136,TATA STEEL LTD.,2013-06-30,3,1643.8741,1619.179,419.3047,171.7201,111.7419,78.7003,510.0572,232.2257,,,,25.8961,6.9011,31.0278,14.3422
248136,TATA STEEL LTD.,2013-09-30,3,1607.2725,1556.1903,392.8718,153.3016,103.0366,86.4332,511.9173,244.4892,946.6684,126.617,1344.5879,25.2457,6.6211,31.8501,15.7108
248136,TATA STEEL LTD.,2013-12-31,3,1681.1742,1638.3994,368.257,146.0096,102.9748,73.7293,516.9899,245.3178,,,,22.4766,6.2851,30.7517,14.9730
248136,TATA STEEL LTD.,2014-03-31,3,2006.7804,1998.1021,458.4571,129.3179,101.2358,75.6597,658.8586,347.5268,,,,22.9446,5.0666,32.8316,16.2300
248136,TATA STEEL LTD.,2014-06-30,3,1908.5194,1752.5761,440.6294,189.226,120.7553,82.5806,701.0331,379.7009,,,,25.1418,6.8902,36.7318,21.6653
248165,TATA POWER CO. LTD.,1997-06-30,3,88.8013,82.6118,,,,6.3487,28.2635,10.1194,,,,0.0000,0.0000,31.8278,12.2494
248165,TATA POWER CO. LTD.,1997-09-30,3,97.1277,87.4572,,,,6.2473,29.8685,14.2557,,,,0.0000,0.0000,30.7518,16.3002
248165,TATA POWER CO. LTD.,1997-12-31,3,86.4021,78.4231,,,,5.8147,31.2915,11.0257,,,,0.0000,0.0000,36.2161,14.0592
248165,TATA POWER CO. LTD.,1998-03-31,3,75.7456,69.6379,,,,5.9507,24.3268,7.3712,,,,0.0000,0.0000,32.1165,10.5851
248165,TATA POWER CO. LTD.,1998-06-30,3,77.3672,71.594,,,,5.6167,24.9466,8.815,,,,0.0000,0.0000,32.2444,12.3125
248165,TATA POWER CO. LTD.,1998-09-30,3,78.5338,71.0803,,,,5.5719,28.1348,12.5127,,,,0.0000,0.0000,35.8251,17.6037
248165,TATA POWER CO. LTD.,1998-12-31,3,73.2565,66.7253,,,,5.5677,29.8737,8.9661,,,,0.0000,0.0000,40.7796,13.4374
248165,TATA POWER CO. LTD.,1999-03-31,3,69.9195,62.0556,,,,5.5457,20.3146,7.7932,,,,0.0000,0.0000,29.0542,12.5584
248165,TATA POWER CO. LTD.,1999-06-30,3,83.9575,77.5802,11.0624,3.6025,28.3907,5.8395,26.105,9.0339,,,,14.2592,36.5954,31.0931,11.6447
248165,TATA POWER CO. LTD.,1999-09-30,3,87.4328,73.9146,10.7663,3.4065,33.3395,5.7863,30.7989,14.9469,,,,14.5659,45.1054,35.2258,20.2219
248165,TATA POWER CO. LTD.,1999-12-31,3,94.9879,85.9939,10.6061,3.5714,38.4942,5.7929,29.8014,11.2615,,,,12.3335,44.7639,31.3739,13.0957
248165,TATA POWER CO. LTD.,2000-03-31,3,95.2267,82.4115,10.5899,4.2075,34.5251,5.7423,36.3581,18.1286,,,,12.8501,41.8935,38.1806,21.9977
248165,TATA POWER CO. LTD.,2000-06-30,3,204.7683,193.8489,22.4788,7.073,99.991,11.452,52.9346,18.5071,,,,11.5960,51.5820,25.851,9.5472
248165,TATA POWER CO. LTD.,2000-09-30,3,228.813,203.7525,21.5738,7.845,108.5227,11.1138,65.811,25.7142,,,,10.5882,53.2620,28.7619,14.8663
248165,TATA POWER CO. LTD.,2000-12-31,3,197.431,189.7306,21.3901,6.8448,99.892,10.909,47.9139,21.8179,,,,11.2740,52.6494,24.2687,11.4994
248165,TATA POWER CO. LTD.,2001-03-31,3,163.9322,151.7079,21.6321,7.6898,59.1971,10.9523,43.7468,14.4228,,,,14.2591,39.0205,26.6859,9.5282
248165,TATA POWER CO. LTD.,2001-06-30,3,209.6842,195.8961,21.2788,7.327,98.063,14.905,55.7117,18.4174,,,,10.8623,50.0586,26.5693,9.4016
248165,TATA POWER CO. LTD.,2001-09-30,3,266.3393,230.6594,20.7782,7.136,111.237,14.6917,96.3355,36.9391,,,,9.0082,48.2257,36.1702,22.0200
248165,TATA POWER CO. LTD.,2001-12-31,3,207.3364,193.8167,20.8315,7.5372,88.9205,14.6173,56.4118,22.7408,,,,10.7480,45.8786,27.2079,11.7332
248165,TATA POWER CO. LTD.,2002-03-31,3,186.4385,171.4588,92.7012,6.6968,,14.6658,54.6088,13.923,,,,54.0661,0.0000,29.2905,8.1203
248165,TATA POWER CO. LTD.,2002-06-30,3,218.5433,212.4697,20.3527,7.1702,107.3366,16.8176,58.3358,17.0994,,,,9.5791,50.5186,26.693,8.0479
248165,TATA POWER CO. LTD.,2002-09-30,3,268.6844,248.1627,22.2949,9.5001,114.9529,16.6056,85.5236,18.9919,,,,8.9840,46.3216,31.8305,11.2258
248165,TATA POWER CO. LTD.,2002-12-31,3,248.1948,238.4254,20.5775,8.0349,124.57,16.7844,75.3594,27.3265,,,,8.6306,52.2469,30.363,12.7176
248165,TATA POWER CO. LTD.,2003-03-31,3,212.6042,190.9465,100.8898,9.9599,,15.6273,75.0864,17.9068,,,,52.8367,0.0000,35.3175,17.0685
248165,TATA POWER CO. LTD.,2003-06-30,3,237.7079,231.4607,23.336,10.0066,110.9679,17.457,67.5523,22.257,,,,10.0820,47.9424,28.4182,9.1969
248165,TATA POWER CO. LTD.,2003-09-30,3,242.294,231.6071,21.9125,8.1591,100.8604,17.9038,84.8846,38.2286,,,,9.4611,43.5481,35.0337,16.0849
248165,TATA POWER CO. LTD.,2003-12-31,3,234.1366,225.2599,21.8925,9.2124,97.7805,18.8437,86.8616,39.8939,,,,9.7188,43.4079,37.0987,17.9643
248165,TATA POWER CO. LTD.,2004-03-31,3,242.5558,230.8263,116.0774,14.5908,,18.7516,58.2453,32.1827,,,,50.2878,0.0000,24.0132,6.9409
248165,TATA POWER CO. LTD.,2004-06-30,3,242.6229,238.7847,136.9609,3.9437,,26.5599,81.2419,22.3307,,,,57.3575,0.0000,33.4849,9.3518
248165,TATA POWER CO. LTD.,2004-09-30,3,230.1874,203.9976,116.0308,7.7118,,16.2957,69.1156,26.0076,,,,56.8785,0.0000,30.0258,15.0884
248165,TATA POWER CO. LTD.,2004-12-31,3,231.8646,213.9362,35.5249,8.3537,103.9008,13.813,68.7852,23.8333,,,,16.6054,48.5663,29.6661,14.5892
248165,TATA POWER CO. LTD.,2005-03-31,3,264.2206,220.2564,143.1403,14.9142,,23.5431,73.0007,39.0364,,,,64.9880,0.0000,27.6287,17.7232
248165,TATA POWER CO. LTD.,2005-06-30,3,259.3201,252.0884,173.6089,8.6955,,15.0553,62.534,27.1647,,,,68.8683,0.0000,24.1146,10.7759
248165,TATA POWER CO. LTD.,2005-09-30,3,249.84,240.2537,163.3782,9.6934,,15.5181,64.3084,28.6157,,,,68.0024,0.0000,25.7398,11.9106
248165,TATA POWER CO. LTD.,2005-12-31,3,307.0029,268.3222,198.7206,9.7994,,15.5941,81.8,49.8735,,,,74.0604,0.0000,26.6447,18.5872
248165,TATA POWER CO. LTD.,2006-03-31,3,285.3363,261.6345,182.9014,10.5009,,16.5011,59.06,19.4214,,,,69.9072,0.0000,20.6984,11.9282
248165,TATA POWER CO. LTD.,2006-06-30,3,306.0156,297.122,218.3018,8.8133,,16.5062,62.0968,26.4572,,,,73.4721,0.0000,20.292,8.9045
248165,TATA POWER CO. LTD.,2006-09-30,3,278.5282,260.1396,175.7768,12.7426,,15.8518,71.5206,43.8672,,,,67.5702,0.0000,25.678,16.8630
248165,TATA POWER CO. LTD.,2006-12-31,3,313.4011,268.7876,190.0929,12.0983,,16.4604,91.3755,29.6251,,,,70.7223,0.0000,29.1561,23.3304
248165,TATA POWER CO. LTD.,2007-03-31,3,267.1792,215.1935,179.63,8.62,,15.7454,53.1328,9.6694,,,,83.4737,0.0000,19.8866,9.7878
248165,TATA POWER CO. LTD.,2007-06-30,3,396.7953,370.7161,270.1002,15.8786,,17.5219,87.0869,46.6498,,,,72.8591,0.0000,21.9476,12.5837
248165,TATA POWER CO. LTD.,2007-09-30,3,369.5984,334.7942,226.7799,19.5563,,17.5756,99.591,63.8151,,,,67.7371,0.0000,26.9457,19.0610
248165,TATA POWER CO. LTD.,2007-12-31,3,370.7277,359.8884,259.6957,10.1724,,17.8626,77.6572,49.6881,,,,72.1601,0.0000,20.9472,13.8988
248165,TATA POWER CO. LTD.,2008-03-31,3,456.6379,405.0059,303.1814,16.3393,,19.2558,90.4732,56.075,,,,74.8585,0.0000,19.8129,13.7653
248165,TATA POWER CO. LTD.,2008-06-30,3,493.5381,473.1738,362.9682,16.7422,,17.0738,91.5717,44.5002,,,,76.7093,0.0000,18.5541,9.4046
248165,TATA POWER CO. LTD.,2008-09-30,3,471.2734,429.9184,330.1115,16.4406,,16.7457,99.4425,57.4862,,,,76.7847,0.0000,21.1008,13.3714
248165,TATA POWER CO. LTD.,2008-12-31,3,374.753,365.2962,273.4782,14.1894,,16.6276,62.0926,23.6586,,,,74.8648,0.0000,16.5689,6.4766
248165,TATA POWER CO. LTD.,2009-03-31,3,348.4314,287.7814,185.6022,14.8892,,19.2381,117.9116,69.2229,,,,64.4942,0.0000,33.8407,24.0540
248165,TATA POWER CO. LTD.,2009-06-30,3,444.4296,421.9108,243.1971,15.9942,,23.4083,154.8763,78.9306,,,,57.6418,0.0000,34.8483,18.7079
248165,TATA POWER CO. LTD.,2009-09-30,3,370.9002,355.3115,225.6884,17.6759,,24.437,101.6332,37.8188,119.0923,336.3062,,63.5185,0.0000,27.4018,10.6438
248165,TATA POWER CO. LTD.,2009-12-31,3,345.6316,335.9447,209.2108,17.0663,,25.9039,87.7654,31.7156,,,,62.2754,0.0000,25.3928,9.4407
248165,TATA POWER CO. LTD.,2010-03-31,3,406.253,394.5338,237.8148,12.9105,,27.9023,110.4202,50.6835,129.5354,408.174,,60.2774,0.0000,27.1802,12.8464
248165,TATA POWER CO. LTD.,2010-06-30,3,428.5325,401.1425,256.8029,19.3001,,27.2096,124.2212,57.765,,,,64.0179,0.0000,28.9876,14.4001
248165,TATA POWER CO. LTD.,2010-09-30,3,397.692,355.6272,220.6338,15.5548,,28.8511,118.3671,54.7177,136.665,447.2168,,62.0407,0.0000,29.7635,15.3863
248165,TATA POWER CO. LTD.,2010-12-31,3,384.6667,365.7912,228.0626,22.7573,,28.4815,92.369,33.8957,,,,62.3477,0.0000,24.0127,9.2664
248165,TATA POWER CO. LTD.,2011-03-31,3,413.4854,391.787,228.7467,17.0973,,27.1374,115.9471,57.2067,138.9257,187.0548,164.3872,58.3855,0.0000,28.0414,15.1881
248165,TATA POWER CO. LTD.,2011-06-30,3,486.3216,428.3529,264.2971,25.3769,,29.6733,154.2792,62.7756,,,,61.7008,0.0000,31.7237,14.6551
248165,TATA POWER CO. LTD.,2011-09-30,3,489.7593,408.9235,252.2791,29.7281,,28.3951,157.5826,65.7116,163.9598,430.2172,,61.6935,0.0000,32.1755,16.0694
248165,TATA POWER CO. LTD.,2011-12-31,3,505.4986,427.5608,276.3995,22.2794,,28.7027,168.6046,86.9909,,,,64.6457,0.0000,33.3541,20.3458
248165,TATA POWER CO. LTD.,2012-03-31,3,492.876,471.8896,286.4396,27.7944,,29.9704,86.9225,23.2438,169.7971,199.386,210.9473,60.7006,0.0000,17.6358,4.9257
248165,TATA POWER CO. LTD.,2012-06-30,3,469.3361,407.6566,278.7757,22.9538,,27.6281,128.9934,55.738,,,,68.3849,0.0000,27.4842,13.6728
248165,TATA POWER CO. LTD.,2012-09-30,3,499.0935,460.9547,291.0021,25.935,,28.497,132.7991,53.7049,150.0885,292.1613,177.1753,63.1303,0.0000,26.6081,11.7589
248165,TATA POWER CO. LTD.,2012-12-31,3,479.974,466.4514,288.1974,26.1395,,23.4423,110.1338,39.5945,,,,61.7851,0.0000,22.9458,8.4885
248165,TATA POWER CO. LTD.,2013-03-31,3,448.2301,407.0035,209.8735,24.726,,,142.6544,23.0883,139.8954,238.9632,169.7571,51.5655,0.0000,31.8262,9.0337
248165,TATA POWER CO. LTD.,2013-06-30,3,488.5763,446.5205,238.2655,24.8047,,23.296,158.024,61.1341,,,,53.3605,0.0000,32.3438,13.6912
248165,TATA POWER CO. LTD.,2013-09-30,3,365.3825,345.0114,185.7272,17.6371,,21.9036,101.7457,41.0606,134.1195,301.2795,165.6196,53.8322,0.0000,27.8463,11.9012
248165,TATA POWER CO. LTD.,2013-12-31,3,333.2612,324.3273,132.7792,22.0286,,23.9621,113.4593,40.5635,,,,40.9399,0.0000,34.0452,12.5070
248165,TATA POWER CO. LTD.,2014-03-31,3,333.8709,296.9958,121.8425,24.7943,,26.7332,110.2419,13.7968,116.4765,216.3602,173.3504,41.0250,0.0000,33.0193,4.6455
248165,TATA POWER CO. LTD.,2014-06-30,3,434.1101,389.8247,211.3402,26.1524,,23.7064,128.8751,42.8523,,,,54.2142,0.0000,29.6872,10.9927
256066,AXIS BANK LTD.,1998-03-31,3,26.2488,22.9873,,,,0.6229,20.1917,2.0536,,,,0.0000,0.0000,76.9246,8.9337
256066,AXIS BANK LTD.,1998-06-30,3,22.9171,21.12,,,,,20.1574,1.617,,,,0.0000,0.0000,87.9578,7.6560
256066,AXIS BANK LTD.,1998-09-30,3,22.6758,20.0839,,,,3.0059,22.6758,3.9537,,,,0.0000,0.0000,100.0,19.6861
256066,AXIS BANK LTD.,1998-12-31,3,24.3624,21.3354,,,,,21.5069,5.2504,,,,0.0000,0.0000,88.279,24.6089
256066,AXIS BANK LTD.,1999-03-31,3,29.0218,25.4503,,,,0.6714,25.4527,3.522,,,,0.0000,0.0000,87.7019,13.8387
256066,AXIS BANK LTD.,1999-06-30,3,28.8474,24.9297,,,,0.6375,26.9581,3.978,,,,0.0000,0.0000,93.4507,15.9569
256066,AXIS BANK LTD.,1999-09-30,3,30.073,26.0831,,0.7419,,0.6225,25.7936,1.6975,,,,0.0000,0.0000,85.7699,6.5081
256066,AXIS BANK LTD.,1999-12-31,3,29.9716,26.6509,,0.7474,,0.6324,25.8782,2.2698,,,,0.0000,0.0000,86.3424,8.5167
256066,AXIS BANK LTD.,2000-03-31,3,43.3003,33.5592,,1.1219,,,34.3117,6.2906,,,,0.0000,0.0000,79.2413,18.7449
256066,AXIS BANK LTD.,2000-06-30,3,44.4318,37.7749,,1.4969,,,38.8177,3.6003,,,,0.0000,0.0000,87.3647,9.5309
256066,AXIS BANK LTD.,2000-09-30,3,52.6292,45.8934,,1.3925,,,45.3812,3.7133,,,,0.0000,0.0000,86.2283,9.0598
256066,AXIS BANK LTD.,2000-12-31,3,56.8657,50.8123,,1.5444,,,49.4989,4.9262,,,,0.0000,0.0000,87.0453,9.6948
256066,AXIS BANK LTD.,2001-03-31,3,74.8019,58.4829,,1.7632,,,60.9882,5.9888,,,,0.0000,0.0000,81.533,10.2402
256066,AXIS BANK LTD.,2001-06-30,3,78.1372,56.6712,,2.0317,,,60.1581,5.3952,,,,0.0000,0.0000,76.9903,9.5202
256066,AXIS BANK LTD.,2001-09-30,3,76.869,57.5284,,1.6686,,,59.9966,6.4958,,,,0.0000,0.0000,78.0505,11.2915
256066,AXIS BANK LTD.,2001-12-31,3,82.2243,60.46,,2.4101,,,62.0292,7.462,,,,0.0000,0.0000,75.439,12.3421
256066,AXIS BANK LTD.,2002-03-31,3,95.9696,71.6525,,4.0788,,,67.1879,8.6296,,,,0.0000,0.0000,70.0096,12.0436
256066,AXIS BANK LTD.,2002-06-30,3,80.1875,67.7892,,3.2308,,,67.8586,7.1743,,,,0.0000,0.0000,84.625,10.8393
256066,AXIS BANK LTD.,2002-09-30,3,99.4311,74.9955,,4.3888,,,75.0553,9.1182,,,,0.0000,0.0000,75.4848,12.1583
256066,AXIS BANK LTD.,2002-12-31,3,100.8766,77.501,,4.2896,,,75.9929,10.698,,,,0.0000,0.0000,75.3326,13.8036
256066,AXIS BANK LTD.,2003-03-31,3,108.3518,83.2244,,5.7723,,,80.1661,12.7054,,,,0.0000,0.0000,73.9868,15.2665
256066,AXIS BANK LTD.,2003-06-30,3,116.5086,84.3392,,5.4979,,,79.383,11.1713,,,,0.0000,0.0000,68.1349,13.2457
256066,AXIS BANK LTD.,2003-09-30,3,118.6007,85.9249,,6.0239,,,79.5106,13.9977,,,,0.0000,0.0000,67.0406,16.2906
256066,AXIS BANK LTD.,2003-12-31,3,116.4245,86.2409,,7.1484,,,78.2722,16.4199,,,,0.0000,0.0000,67.23,19.0396
256066,AXIS BANK LTD.,2004-03-31,3,114.6801,91.9187,,7.8552,,,79.676,19.347,,,,0.0000,0.0000,69.4768,21.0479
256066,AXIS BANK LTD.,2004-06-30,3,118.1192,93.9342,,8.5223,,,80.7476,15.5264,,,,0.0000,0.0000,68.3611,16.5291
256066,AXIS BANK LTD.,2004-09-30,3,105.013,97.4682,,8.9765,,,74.1375,2.4817,,,,0.0000,0.0000,70.5984,10.2869
256066,AXIS BANK LTD.,2004-12-31,3,144.2029,111.6975,,11.3528,,,102.7594,22.9989,,,,0.0000,0.0000,71.2603,20.5903
256066,AXIS BANK LTD.,2005-03-31,3,165.3513,127.2717,,10.7004,,,122.5566,26.6743,,,,0.0000,0.0000,74.1189,20.9585
256066,AXIS BANK LTD.,2005-06-30,3,177.0871,142.67,,12.2012,,,123.7327,21.2523,,,,0.0000,0.0000,69.8711,14.8961
256066,AXIS BANK LTD.,2005-09-30,3,197.1309,156.5699,,14.1906,,,135.851,24.8221,,,,0.0000,0.0000,68.9141,15.8537
256066,AXIS BANK LTD.,2005-12-31,3,201.5796,163.5868,,13.6333,,,143.7732,28.855,,,,0.0000,0.0000,71.3233,17.6389
256066,AXIS BANK LTD.,2006-03-31,3,238.461,187.1885,,14.0439,,,168.536,34.1105,,,,0.0000,0.0000,70.6765,18.2225
256066,AXIS BANK LTD.,2006-06-30,3,250.6541,207.124,,17.303,,,176.841,26.1749,,,,0.0000,0.0000,70.5518,12.6373
256066,AXIS BANK LTD.,2006-09-30,3,266.7332,222.3347,,21.2636,,,195.2798,30.7842,,,,0.0000,0.0000,73.2117,13.8459
256066,AXIS BANK LTD.,2006-12-31,3,323.6398,260.9663,,25.6886,,,236.6174,41.3604,,,,0.0000,0.0000,73.1113,15.8489
256066,AXIS BANK LTD.,2007-03-31,3,373.1042,304.712,,20.1997,,,276.7328,48.1289,,,,0.0000,0.0000,74.1704,15.7949
256066,AXIS BANK LTD.,2007-06-30,3,460.9277,370.6106,,36.275,,,332.869,42.9168,,,,0.0000,0.0000,72.2172,11.5800
256066,AXIS BANK LTD.,2007-09-30,3,510.5032,415.59,,40.7586,,,356.0288,56.475,,,,0.0000,0.0000,69.7407,13.5891
256066,AXIS BANK LTD.,2007-12-31,3,580.6897,456.9828,,43.9858,,,387.2287,77.7967,,,,0.0000,0.0000,66.6843,17.0240
256066,AXIS BANK LTD.,2008-03-31,3,637.2919,499.4041,,45.7049,,,432.5478,89.5514,,,,0.0000,0.0000,67.8728,17.9317
256066,AXIS BANK LTD.,2008-06-30,3,675.2078,529.2947,,49.9019,,,458.0967,77.0995,,,,0.0000,0.0000,67.8453,14.5665
256066,AXIS BANK LTD.,2008-09-30,3,710.967,558.566,,57.1504,,,493.8614,88.4273,,,,0.0000,0.0000,69.4633,15.8311
256066,AXIS BANK LTD.,2008-12-31,3,764.1437,613.6212,,54.6998,,,582.3662,102.9688,,,,0.0000,0.0000,76.2116,16.7805
256066,AXIS BANK LTD.,2009-03-31,3,758.2683,593.2315,,50.2639,,,564.0913,113.4944,,,,0.0000,0.0000,74.392,19.1316
256066,AXIS BANK LTD.,2009-06-30,3,808.8421,608.1936,,64.7492,,,569.5614,117.6466,,,,0.0000,0.0000,70.4169,19.3436
256066,AXIS BANK LTD.,2009-09-30,3,810.4932,590.5089,,62.8008,,,519.7352,109.7548,,,,0.0000,0.0000,64.1258,18.5865
256066,AXIS BANK LTD.,2009-12-31,3,830.311,618.4109,,66.1677,,,543.8623,140.6777,,,,0.0000,0.0000,65.501,22.7483
256066,AXIS BANK LTD.,2010-03-31,3,862.0137,656.8311,,73.3549,,,595.7009,168.1107,,,,0.0000,0.0000,69.1057,25.5942
256066,AXIS BANK LTD.,2010-06-30,3,929.1134,714.19,,89.4286,,,628.992,159.3231,,,,0.0000,0.0000,67.6981,22.3082
256066,AXIS BANK LTD.,2010-09-30,3,1012.3834,787.7914,,88.0987,,,677.4756,159.795,,,,0.0000,0.0000,66.9189,20.2839
256066,AXIS BANK LTD.,2010-12-31,3,1104.1008,849.9527,,87.7254,,,763.9191,197.3821,,,,0.0000,0.0000,69.1893,23.2227
256066,AXIS BANK LTD.,2011-03-31,3,1292.9817,970.5954,,88.025,,,940.6817,226.744,,,,0.0000,0.0000,72.7529,23.3613
256066,AXIS BANK LTD.,2011-06-30,3,1348.724,1088.3398,,113.6989,,,1012.2091,210.1031,,,,0.0000,0.0000,75.0494,19.3049
256066,AXIS BANK LTD.,2011-09-30,3,1366.7286,1107.5013,,104.6674,,,973.7439,193.1883,,,,0.0000,0.0000,71.2463,17.4436
256066,AXIS BANK LTD.,2011-12-31,3,1368.3498,1096.8717,,102.9172,,,1001.2854,209.2881,,,,0.0000,0.0000,73.1747,19.0805
256066,AXIS BANK LTD.,2012-03-31,3,1519.7703,1204.2843,,105.2302,,,1155.0385,253.8144,,,,0.0000,0.0000,76.0009,21.0759
256066,AXIS BANK LTD.,2012-06-30,3,1395.39,1157.0337,,103.9818,,,1072.2506,205.8754,,,,0.0000,0.0000,76.8424,17.7934
256066,AXIS BANK LTD.,2012-09-30,3,1516.3755,1224.6373,,105.8312,,,1104.1208,205.7547,,,,0.0000,0.0000,72.8132,16.8013
256066,AXIS BANK LTD.,2012-12-31,3,1570.0745,1274.4844,,112.5455,,,1179.3079,246.5224,,,,0.0000,0.0000,75.1116,19.3429
256066,AXIS BANK LTD.,2013-03-31,3,1664.3421,1295.4055,,110.5466,,,1210.7962,285.8511,,,,0.0000,0.0000,72.7492,22.0665
256066,AXIS BANK LTD.,2013-06-30,3,1551.3201,1246.2814,,110.1236,,,1120.6037,241.2708,,,,0.0000,0.0000,72.2355,19.3593
256066,AXIS BANK LTD.,2013-09-30,3,1470.5523,1193.5277,,101.0037,,,1056.3778,213.6886,,,,0.0000,0.0000,71.8354,17.9040
256066,AXIS BANK LTD.,2013-12-31,3,1523.7448,1258.1315,,105.8144,,,1165.8254,259.1023,,,,0.0000,0.0000,76.5105,20.5942
256066,AXIS BANK LTD.,2014-03-31,3,1668.245,1305.4758,,108.049,,,1236.1032,301.9504,,,,0.0000,0.0000,74.096,23.1295
256066,AXIS BANK LTD.,2014-06-30,3,1670.9113,1387.7989,,125.8566,,,1253.625,279.0458,,,,0.0000,0.0000,75.0264,20.1071
272724,WIPRO LTD.,1997-06-30,3,70.9003,70.6266,,,,2.4021,8.0162,0.905,,,,0.0000,0.0000,11.3063,1.2813
272724,WIPRO LTD.,1997-09-30,3,96.4574,96.0727,,,,2.3901,10.0001,5.5495,,,,0.0000,0.0000,10.3674,5.7764
272724,WIPRO LTD.,1997-12-31,3,73.0612,71.6031,,,,2.9931,10.8466,2.8396,,,,0.0000,0.0000,14.8459,3.9657
272724,WIPRO LTD.,1998-03-31,3,123.9764,121.9253,,,,2.9373,22.5366,18.5863,,,,0.0000,0.0000,18.1781,15.2440
272724,WIPRO LTD.,1998-06-30,3,79.5081,78.9746,,,,3.2624,11.8663,6.0861,,,,0.0000,0.0000,14.9247,7.7064
272724,WIPRO LTD.,1998-09-30,3,108.9925,107.5813,,,,3.8103,16.37,9.6197,,,,0.0000,0.0000,15.0194,8.9418
272724,WIPRO LTD.,1998-12-31,3,99.4616,97.7929,,,,3.7604,12.1507,6.2516,,,,0.0000,0.0000,12.2164,6.3927
272724,WIPRO LTD.,1999-03-31,3,137.1344,135.5089,,,,4.3583,24.7836,18.1637,,,,0.0000,0.0000,18.0725,13.4040
272724,WIPRO LTD.,1999-06-30,3,97.6881,96.7376,38.9454,13.6077,,3.2686,16.1809,10.8954,,,,40.2588,0.0000,16.5638,11.2629
272724,WIPRO LTD.,1999-09-30,3,129.6917,129.6917,36.7988,14.1039,,3.7212,22.6949,16.355,,,,28.3741,0.0000,17.4991,12.6107
272724,WIPRO LTD.,1999-12-31,3,129.1495,126.3899,52.7774,14.8789,,3.6565,16.7186,19.7542,,,,41.7576,0.0000,12.9452,8.0786
272724,WIPRO LTD.,2000-03-31,3,170.4115,169.5627,64.7876,18.1928,,5.5519,34.4586,22.3912,,,,38.2086,0.0000,20.2208,11.7440
272724,WIPRO LTD.,2000-06-30,3,139.245,138.3948,38.1509,19.7355,,4.3185,31.0577,24.0541,,,,27.5667,0.0000,22.3044,17.4131
272724,WIPRO LTD.,2000-09-30,3,165.1158,164.3313,47.397,,,4.5327,42.8207,33.5592,,,,28.8423,0.0000,25.9337,20.4217
272724,WIPRO LTD.,2000-12-31,3,169.8378,166.8645,40.1493,23.7431,,5.7112,52.6198,40.3846,,,,24.0610,0.0000,30.9824,24.2020
272724,WIPRO LTD.,2001-03-31,3,203.1081,199.6761,52.981,25.2035,,6.6709,61.9899,46.2886,,,,26.5335,0.0000,30.5206,23.3537
272724,WIPRO LTD.,2001-06-30,3,173.6429,169.1115,32.1246,27.4016,,6.5951,54.0799,44.1873,,,,18.9961,0.0000,31.1443,26.1291
272724,WIPRO LTD.,2001-09-30,3,188.6832,183.4782,45.5442,,,7.2409,57.0457,45.2504,,,,24.8227,0.0000,30.2336,24.6625
272724,WIPRO LTD.,2001-12-31,3,185.6953,181.7931,40.9202,26.9184,,8.0129,58.198,46.3664,,,,22.5092,0.0000,31.3406,25.5051
272724,WIPRO LTD.,2002-03-31,3,194.9347,190.2568,45.5689,23.718,,7.7966,59.5001,45.2611,,,,23.9513,0.0000,30.5231,23.7895
272724,WIPRO LTD.,2002-06-30,3,189.1293,185.0857,35.5549,27.0185,,6.5555,45.4392,40.2316,,,,19.2100,0.0000,24.0255,18.3714
272724,WIPRO LTD.,2002-09-30,3,207.7966,203.9363,39.2844,30.8619,,6.4614,55.4482,42.7938,,,,19.2631,0.0000,26.6839,21.1560
272724,WIPRO LTD.,2002-12-31,3,216.7428,212.1728,33.091,36.8093,,7.312,60.1786,46.0324,,,,15.5962,0.0000,27.765,21.6859
272724,WIPRO LTD.,2003-03-31,3,237.484,234.4824,42.1065,38.4962,,8.2702,61.7954,44.8352,,,,17.9572,0.0000,26.0209,19.3537
272724,WIPRO LTD.,2003-06-30,3,228.7782,225.631,28.8809,92.8515,,6.6797,53.9939,42.1332,,,,12.8001,0.0000,23.601,18.6735
272724,WIPRO LTD.,2003-09-30,3,267.936,263.5958,40.6975,103.314,,8.0479,63.1618,46.8479,,,,15.4394,0.0000,23.5735,17.7726
272724,WIPRO LTD.,2003-12-31,3,295.4756,291.1327,42.9033,124.674,,8.6201,69.5314,53.6511,,,,14.7367,0.0000,23.532,18.4284
272724,WIPRO LTD.,2004-03-31,3,358.882,350.7069,67.5111,141.0425,,9.8412,84.1057,57.4922,,,,19.2500,0.0000,23.4355,16.3932
272724,WIPRO LTD.,2004-06-30,3,349.2186,343.3306,49.3015,143.9497,,8.173,93.33,71.7991,,,,14.3598,0.0000,26.7254,20.9125
272724,WIPRO LTD.,2004-09-30,3,381.9463,378.2802,51.4989,145.6242,,9.2412,104.3644,80.2853,,,,13.6139,0.0000,27.3244,21.2238
272724,WIPRO LTD.,2004-12-31,3,430.2371,425.9852,68.2122,183.7409,,11.3232,113.2777,85.6063,,,,16.0128,0.0000,26.3291,20.0961
272724,WIPRO LTD.,2005-03-31,3,477.0657,472.7855,81.4603,193.4081,,12.9091,124.6281,96.4523,,,,17.2299,0.0000,26.1239,20.4009
272724,WIPRO LTD.,2005-06-30,3,467.0088,465.1045,63.3462,208.1866,,12.917,120.1994,92.897,,,,13.6198,0.0000,25.7381,19.9734
272724,WIPRO LTD.,2005-09-30,3,522.2411,513.4517,79.2641,219.257,,13.3207,135.3022,103.1503,,,,15.4375,0.0000,25.908,20.0896
272724,WIPRO LTD.,2005-12-31,3,548.5097,540.6448,61.1451,228.0619,,13.2324,142.9495,110.6571,,,,11.3097,0.0000,26.0614,20.4676
272724,WIPRO LTD.,2006-03-31,3,797.3805,786.3873,100.2655,306.8214,,26.3253,194.5286,147.8129,,,,12.7501,0.0000,24.396,18.7965
272724,WIPRO LTD.,2006-06-30,3,662.657,651.7354,76.2124,277.2524,,17.6092,173.3343,134.4248,,,,11.6938,0.0000,26.1575,20.6257
272724,WIPRO LTD.,2006-09-30,3,731.8141,720.0624,93.2547,308.623,,19.2754,183.9726,144.2293,,,,12.9509,0.0000,25.1393,20.0301
272724,WIPRO LTD.,2006-12-31,3,818.6268,797.7909,125.7547,341.6864,5.7355,24.9583,211.742,164.6036,,,,15.7629,0.7189,25.8655,20.7532
272724,WIPRO LTD.,2007-03-31,3,881.4301,860.3196,142.1222,350.3878,,22.1235,221.8124,184.6112,,,,16.5197,0.0000,25.1651,21.6206
272724,WIPRO LTD.,2007-06-30,3,926.3243,902.3617,132.7385,404.3962,,26.3171,215.4916,164.6722,,,,14.7101,0.0000,23.2631,18.2490
272724,WIPRO LTD.,2007-09-30,3,1052.3054,1028.7556,171.6906,436.5146,,27.1443,244.7942,188.473,,,,16.6892,0.0000,23.2627,18.3205
272724,WIPRO LTD.,2007-12-31,3,1123.1237,1104.716,171.3235,475.9128,,28.499,263.8692,203.8793,,,,15.5084,0.0000,23.4942,18.4554
272724,WIPRO LTD.,2008-03-31,3,1330.1633,1312.0994,266.1268,525.9598,,31.4694,300.1236,223.7299,,,,20.2825,0.0000,22.5629,17.0513
272724,WIPRO LTD.,2008-06-30,3,1122.723,1098.7156,192.8305,513.6852,,29.1453,203.8066,127.5105,,,,17.5505,0.0000,18.1529,11.6054
272724,WIPRO LTD.,2008-09-30,3,1218.418,1186.2435,221.8857,501.7558,,28.7727,269.7963,187.0995,,,,18.7049,0.0000,22.1432,15.7724
272724,WIPRO LTD.,2008-12-31,3,1137.7434,1109.5373,157.3129,497.4723,,27.7744,240.9034,150.6931,,,,14.1782,0.0000,21.1738,13.5816
272724,WIPRO LTD.,2009-03-31,3,1053.3733,1034.303,155.8608,455.6563,,27.8539,247.4254,164.3712,,,,15.0692,0.0000,23.4889,15.8920
272724,WIPRO LTD.,2009-06-30,3,1136.1086,1106.8666,162.2235,465.9896,,28.5513,312.432,250.7452,,,,14.6561,0.0000,27.5002,22.6536
272724,WIPRO LTD.,2009-09-30,3,1234.3798,1209.3173,213.3822,461.9841,,32.6184,327.9802,254.3617,96.245,868.8884,,17.6448,0.0000,26.5704,21.0335
272724,WIPRO LTD.,2009-12-31,3,1285.7602,1263.7572,202.4019,470.5983,,31.1173,338.9234,264.036,,,,16.0159,0.0000,26.3598,20.8929
272724,WIPRO LTD.,2010-03-31,3,1391.1381,1349.7077,225.988,528.4848,,30.8365,362.6093,271.8141,133.3905,1045.0349,,16.7435,0.0000,26.0657,20.1387
272724,WIPRO LTD.,2010-06-30,3,1312.3732,1284.7126,193.7098,544.578,,29.2283,326.3216,238.379,,,,15.0781,0.0000,24.865,18.5550
272724,WIPRO LTD.,2010-09-30,3,1455.3355,1425.2519,200.4773,599.4322,,30.3009,326.3327,254.7755,132.485,1114.6783,,14.0661,0.0000,22.4232,17.8758
272724,WIPRO LTD.,2010-12-31,3,1503.0415,1466.6811,201.7534,604.33,,34.1238,363.1383,271.0196,,,,13.7558,0.0000,24.1602,18.4784
272724,WIPRO LTD.,2011-03-31,3,1642.4055,1595.4389,248.658,647.8401,,37.92,396.1813,297.3138,161.1265,1285.0332,802.3872,15.5856,0.0000,24.122,18.6352
272724,WIPRO LTD.,2011-06-30,3,1676.9673,1610.5931,287.3463,677.7208,,38.7944,390.3076,271.8509,,,,17.8410,0.0000,23.2746,16.8789
272724,WIPRO LTD.,2011-09-30,3,1653.9983,1633.9305,225.7838,686.3566,,40.1356,333.5537,220.5359,162.6206,1562.3078,,13.8184,0.0000,20.1665,13.4973
272724,WIPRO LTD.,2011-12-31,3,1593.4654,1588.187,231.7934,664.9439,,35.6006,316.4374,202.0027,,,,14.5948,0.0000,19.8584,12.7191
272724,WIPRO LTD.,2012-03-31,3,1760.9244,1664.9047,212.8053,695.507,,38.4317,399.1813,268.5253,156.0122,1583.1727,773.4436,12.7818,0.0000,22.6688,16.1286
272724,WIPRO LTD.,2012-06-30,3,1448.2242,1428.9309,126.7,690.398,,31.501,308.3884,192.9681,,,,8.8668,0.0000,21.2942,13.5044
272724,WIPRO LTD.,2012-09-30,3,1599.1525,1504.8035,114.9878,720.3081,,33.3115,428.5625,299.3821,164.1767,1560.109,797.3512,7.6414,0.0000,26.7994,19.8951
272724,WIPRO LTD.,2012-12-31,3,1596.4245,1550.2571,126.9557,735.384,,31.2357,374.371,254.7531,,,,8.1893,0.0000,23.4506,16.4330
272724,WIPRO LTD.,2013-03-31,3,1633.8261,1570.8346,123.1155,750.6406,,31.6703,377.287,272.479,58.9109,1562.2691,904.8566,7.8376,0.0000,23.0922,17.3461
272724,WIPRO LTD.,2013-06-30,3,1526.8802,1504.276,97.4036,741.264,,30.2759,348.2418,229.1245,,,,6.4751,0.0000,22.8074,15.2315
272724,WIPRO LTD.,2013-09-30,3,1557.0311,1505.5504,90.099,729.9367,,27.7795,385.054,253.5446,46.9632,1388.0798,788.0995,5.9845,0.0000,24.73,16.8407
272724,WIPRO LTD.,2013-12-31,3,1705.532,1619.0521,103.5046,754.8663,,30.3827,477.7234,333.2563,,,,6.3929,0.0000,28.0102,20.5834
272724,WIPRO LTD.,2014-03-31,3,1790.081,1695.9386,119.1202,762.743,,31.796,533.0744,385.6656,37.4176,1401.4652,883.4858,7.0239,0.0000,29.7793,22.7405
272724,WIPRO LTD.,2014-06-30,3,1770.3626,1670.9833,92.465,799.6725,,31.3072,487.5717,346.0867,,,,5.5336,0.0000,27.5408,20.7116
374518,BAJAJ AUTO LTD.,2007-06-30,3,525.3569,517.1822,373.6201,23.9724,,10.181,77.4013,44.8839,,,,72.2415,0.0000,14.7331,8.6785
374518,BAJAJ AUTO LTD.,2007-09-30,3,591.9113,585.4784,429.239,18.0937,,12.2038,101.3114,59.1472,,,,73.3142,0.0000,17.116,10.1024
374518,BAJAJ AUTO LTD.,2007-12-31,3,645.0811,634.1912,474.2444,34.4244,,10.606,90.8874,54.1785,,,,74.7794,0.0000,14.0893,8.5313
374518,BAJAJ AUTO LTD.,2008-03-31,3,519.1232,514.0286,387.2789,34.0662,,10.256,57.2272,29.9009,,,,75.3419,0.0000,11.0238,5.8227
374518,BAJAJ AUTO LTD.,2008-06-30,3,544.944,538.2228,399.5283,25.2475,,7.8305,69.0238,40.8944,,,,74.2310,0.0000,12.6662,7.5981
374518,BAJAJ AUTO LTD.,2008-09-30,3,557.7386,552.8882,439.2349,29.971,,7.2601,66.9081,40.5825,,,,79.4437,0.0000,11.9963,7.3401
374518,BAJAJ AUTO LTD.,2008-12-31,3,440.1514,432.3639,294.6595,28.2164,,6.5561,57.7033,34.1701,,,,68.1508,0.0000,13.1099,7.8109
374518,BAJAJ AUTO LTD.,2009-03-31,3,374.0953,367.6266,252.4985,30.3992,,6.1076,44.0763,25.4238,,,,68.6834,0.0000,11.7821,6.9135
374518,BAJAJ AUTO LTD.,2009-06-30,3,498.8969,489.49,313.8428,33.2255,,6.9243,95.1446,61.4335,,,,64.1163,0.0000,19.071,12.5505
374518,BAJAJ AUTO LTD.,2009-09-30,3,600.5999,596.1139,402.3481,31.6295,,6.9324,126.4294,83.1625,66.8306,78.8581,,67.4952,0.0000,21.0505,13.9508
374518,BAJAJ AUTO LTD.,2009-12-31,3,714.2784,706.7446,474.9689,29.7662,,7.6517,152.8715,101.8958,,,,67.2052,0.0000,21.4022,14.4176
374518,BAJAJ AUTO LTD.,2010-03-31,3,756.508,747.1647,539.582,29.0167,,7.497,169.8712,116.3897,98.0724,52.6287,,72.2173,0.0000,22.4546,15.5510
374518,BAJAJ AUTO LTD.,2010-06-30,3,852.9524,835.4132,575.8228,27.143,,6.8335,184.3894,126.7382,,,,68.9267,0.0000,21.6178,15.1707
374518,BAJAJ AUTO LTD.,2010-09-30,3,961.963,943.7672,674.5303,24.8124,,6.5101,213.2107,148.2615,97.2477,115.9108,,71.4721,0.0000,22.1641,15.7095
374518,BAJAJ AUTO LTD.,2010-12-31,3,946.9941,924.9697,652.0657,23.6054,,6.869,210.0972,147.7244,,,,70.4959,0.0000,22.1857,15.9707
374518,BAJAJ AUTO LTD.,2011-03-31,3,1139.7682,921.2794,700.7279,29.7492,,6.6793,374.314,150.2217,121.6462,79.9942,397.7061,76.0603,0.0000,32.8412,33.7868
374518,BAJAJ AUTO LTD.,2011-06-30,3,1081.4237,1049.2979,747.1517,31.9028,,6.8314,219.3736,158.5354,,,,71.2049,0.0000,20.2856,15.1087
374518,BAJAJ AUTO LTD.,2011-09-30,3,1121.3073,1088.481,798.4991,29.2285,,8.2748,217.5635,152.3558,101.926,152.6622,484.3687,73.3590,0.0000,19.4027,13.9971
374518,BAJAJ AUTO LTD.,2011-12-31,3,978.5846,946.6712,675.6013,26.2438,,6.1024,207.5944,150.9828,,,,71.3660,0.0000,21.2137,15.9488
374518,BAJAJ AUTO LTD.,2012-03-31,3,956.0638,924.3169,692.2123,23.7585,,8.6283,214.6752,153.409,134.835,84.0153,389.0448,74.8891,0.0000,22.4541,16.5970
374518,BAJAJ AUTO LTD.,2012-06-30,3,900.8799,868.4026,605.4774,28.6275,,6.2895,188.0546,128.2152,,,,69.7231,0.0000,20.8745,14.7645
374518,BAJAJ AUTO LTD.,2012-09-30,3,941.1308,910.5992,670.0515,28.0593,,7.5157,198.1346,135.6394,115.4658,146.4918,423.0595,73.5836,0.0000,21.0528,14.8956
374518,BAJAJ AUTO LTD.,2012-12-31,3,1027.6309,990.45,693.1856,29.1369,,7.5171,222.317,149.8179,,,,69.9869,0.0000,21.6339,15.1262
374518,BAJAJ AUTO LTD.,2013-03-31,3,917.2251,872.4473,651.2402,30.6282,,8.696,198.6795,140.7557,116.9542,141.0884,363.8708,74.6452,0.0000,21.6609,16.1334
374518,BAJAJ AUTO LTD.,2013-06-30,3,871.0652,840.9948,572.7256,31.449,,7.6306,185.3682,126.3233,,,,68.1010,0.0000,21.2806,15.0207
374518,BAJAJ AUTO LTD.,2013-09-30,3,831.1961,811.7207,546.851,28.7645,,6.9472,197.0319,131.3149,88.1179,150.508,357.4518,67.3694,0.0000,23.7046,16.1773
374518,BAJAJ AUTO LTD.,2013-12-31,3,880.0797,828.8185,576.631,29.848,,7.4495,219.2188,146.1065,,,,69.5727,0.0000,24.909,17.6283
374518,BAJAJ AUTO LTD.,2014-03-31,3,838.9009,808.3866,572.7931,28.6426,,7.2901,183.1662,124.9812,104.8481,130.4963,346.0517,70.8563,0.0000,21.8341,15.4883
374518,BAJAJ AUTO LTD.,2014-06-30,3,916.0582,879.3485,604.0328,35.9229,,11.5853,191.5933,123.886,,,,68.6909,0.0000,20.915,14.0884
